horaire,temperature_C,humidite_pct
11:05:34,24.6,54.6
11:05:36,24.6,54.6
11:05:38,24.5,55.3
11:05:40,24.5,55.3
11:05:42,24.5,54.9
11:05:44,24.5,54.9
11:05:46,24.5,54.7
11:05:48,24.5,54.7
11:05:50,24.5,54.8
11:05:52,24.5,54.8
11:05:54,24.5,54.4
11:05:56,24.5,54.4
11:05:58,24.5,54.4
11:06:00,24.5,54.4
11:06:02,24.5,54.5
11:06:04,24.5,54.5
11:06:06,13.8,84.7
11:06:08,13.5,89.7
11:06:10,24.5,53.8
11:06:12,24.5,53.8
11:06:14,24.5,53.7
11:06:16,24.5,53.7
11:06:18,24.5,53.8
11:06:20,24.5,53.8
11:06:22,24.5,54.0
11:06:24,24.5,54.0
11:06:26,24.5,54.0
11:06:28,24.5,54.0
11:06:30,24.5,53.9
11:06:32,24.5,53.9
11:06:34,24.5,53.7
11:06:36,24.5,53.7
11:06:38,24.5,54.4
11:06:40,24.5,54.4
11:06:42,24.6,75.8
11:06:44,24.6,75.8
11:06:46,24.6,88.8
11:06:48,24.6,88.8
11:06:50,24.8,94.0
11:06:52,24.8,94.0
11:06:54,25.0,96.6
11:06:56,25.0,96.6
11:06:58,25.2,99.9
11:07:00,25.2,99.9
11:07:02,25.6,99.9
11:07:04,25.6,99.9
11:07:06,26.5,99.9
11:07:08,26.5,99.9
11:07:10,27.3,99.9
11:07:12,27.3,99.9
11:07:14,27.5,99.9
11:07:16,27.5,99.9
11:07:18,27.9,99.9
11:07:20,27.9,99.9
11:07:22,28.0,99.9
11:07:24,28.9,99.9
11:07:26,28.9,99.9
11:07:28,29.2,99.9
11:07:30,29.2,99.9
11:07:32,29.7,99.9
11:07:34,29.7,99.9
11:07:36,29.7,99.9
11:07:38,29.7,99.9
11:07:40,29.2,99.9
11:07:42,29.2,99.9
11:07:44,28.7,99.9
11:07:46,28.7,99.9
11:07:48,28.0,99.9
11:07:50,28.0,99.9
11:07:52,27.6,99.9
11:07:54,27.6,99.9
11:07:56,27.3,99.9
11:07:58,27.3,99.9
11:08:00,26.9,99.9
11:08:02,26.9,99.9
11:08:04,26.6,99.9
11:08:06,26.6,99.9
11:08:08,26.4,99.9
11:08:10,26.4,99.9
11:08:12,26.2,99.9
11:08:14,26.2,99.9
11:08:16,26.1,99.9
11:08:18,26.1,99.9
11:08:20,26.0,99.9
11:08:22,26.0,99.9
11:08:24,25.9,99.9
11:08:26,25.9,99.9
11:08:28,25.9,99.9
11:08:30,25.9,99.9
11:08:32,25.8,99.9
11:08:34,25.8,99.9
11:08:36,25.8,99.9
11:08:38,25.8,99.9
11:08:40,25.8,99.9
11:08:42,25.8,99.9
11:08:44,25.7,99.9
11:08:46,25.7,99.9
11:08:48,25.7,99.9
11:08:50,25.7,99.9
11:08:52,25.7,93.4
11:08:54,25.7,93.4
11:08:56,25.7,90.2
11:08:58,25.7,90.2
11:09:00,25.7,82.8
11:09:02,25.7,82.8
11:09:04,25.7,75.9
11:09:06,25.7,75.9
11:09:08,25.7,69.2
11:09:10,25.7,69.2
11:09:12,25.7,65.4
11:09:14,25.7,65.4
11:09:16,8.0,90.0
11:09:18,25.7,69.2
11:09:20,25.7,75.0
11:09:22,25.8,75.5
11:09:24,26.0,68.3
11:09:26,26.0,68.3
11:09:28,26.0,63.5
11:09:30,26.0,63.5
11:09:32,26.0,65.5
11:09:34,26.0,65.5
11:09:36,28.1,99.9
11:09:38,28.1,99.9
11:09:40,27.8,99.9
11:09:42,27.8,99.9
11:09:44,27.4,99.9
11:09:46,27.4,99.9
11:09:48,27.1,99.9
11:09:50,27.1,99.9
11:09:52,26.7,99.9
11:09:54,26.7,99.9
11:09:56,26.4,99.9
11:09:58,26.3,58.1
11:10:00,26.3,57.2
11:10:02,26.3,99.9
11:10:04,26.2,99.9
11:10:06,26.2,99.9
11:10:08,26.2,99.9
11:10:10,26.2,99.9
11:10:12,26.2,99.9
11:10:14,26.3,99.9
11:10:16,26.3,99.9
11:10:18,26.3,99.9
11:10:20,26.3,99.9
11:10:22,26.4,99.9
11:10:24,26.6,45.3
11:10:26,26.4,95.9
11:10:28,26.4,95.9
11:10:30,26.4,89.5
11:10:32,26.4,89.5
11:10:34,26.4,82.2
11:10:36,26.4,82.2
11:10:38,26.5,76.5
11:10:40,26.5,76.5
11:10:42,26.5,72.0
11:10:44,26.5,72.0
11:10:46,26.5,69.9
11:10:48,26.5,69.9
11:10:50,26.4,66.2
11:10:52,26.4,66.2
11:10:54,26.5,65.2
11:10:56,26.5,64.5
11:10:58,26.5,64.5
11:11:00,26.5,64.3
11:11:02,26.5,64.3
11:11:04,26.5,61.9
11:11:06,26.5,61.9
11:11:08,26.5,60.5
11:11:10,26.5,60.5
11:11:12,26.6,60.0
11:11:14,26.6,60.0
11:11:16,26.6,59.4
11:11:18,26.6,59.4
11:11:20,26.5,59.0
11:11:22,26.5,59.0
11:11:24,26.6,60.8
11:11:26,26.6,60.8
11:11:28,26.6,61.7
11:11:30,26.6,61.7
11:11:32,26.6,62.0
11:11:34,26.6,62.0
11:11:36,26.6,62.2
11:11:38,26.6,62.2
11:11:40,26.6,62.4
11:11:42,26.6,61.4
11:11:44,26.7,59.6
11:11:46,26.7,59.6
11:11:48,26.7,57.7
11:11:50,26.7,57.7
11:11:52,26.7,56.7
11:11:54,26.7,56.7
11:11:56,26.7,57.4
11:11:58,26.7,57.4
11:12:00,26.7,58.0
11:12:02,26.7,58.0
11:12:04,26.7,56.8
11:12:06,26.6,56.4
11:12:08,26.7,58.4
11:12:10,26.8,59.6
11:12:12,26.7,58.7
11:12:14,26.8,59.6
11:12:16,26.7,61.0
11:12:18,26.8,61.5
11:12:20,26.7,61.5
11:12:22,26.7,62.3
11:12:24,26.9,62.0
11:12:26,26.7,62.6
11:12:28,26.7,63.1
11:12:30,26.7,63.2
11:12:32,26.6,63.1
11:12:34,26.9,63.0
11:12:36,26.8,63.4
11:12:38,26.8,64.3
11:12:40,26.7,64.1
11:12:42,27.0,62.5
11:12:44,27.0,62.8
11:12:46,26.8,63.3
11:12:48,26.8,62.3
11:12:50,26.9,62.1
11:12:52,26.9,60.5
11:12:54,26.9,60.9
11:12:56,26.8,60.3
11:12:58,26.9,59.3
11:13:00,27.0,58.2
11:13:02,27.0,57.8
11:13:04,26.9,57.1
11:13:06,27.0,55.6
11:13:08,26.9,56.3
11:13:10,26.9,55.4
11:13:12,26.9,55.4
11:13:14,26.9,55.5
11:13:16,26.9,55.5
11:13:18,26.9,54.3
11:13:20,26.9,54.3
11:13:22,27.0,60.7
11:13:24,27.0,60.7
11:13:26,26.9,55.2
11:13:28,26.9,55.2
11:13:30,26.6,52.7
11:13:32,26.6,52.7
11:13:34,26.3,51.4
11:13:36,26.3,51.4
11:13:38,26.0,49.7
11:13:40,26.0,49.7
11:13:42,25.8,48.7
11:13:44,25.8,48.7
11:13:46,25.7,48.4
11:13:48,25.7,48.4
11:13:50,25.5,48.3
11:13:52,25.5,48.3
11:13:54,25.4,47.6
11:13:56,25.3,46.9
11:13:58,25.3,46.9
11:14:00,25.2,46.4
11:14:02,25.2,46.4
11:14:04,25.1,46.7
11:14:06,25.1,46.7
11:14:08,25.1,46.7
11:14:10,25.1,46.7
11:14:12,25.1,46.3
11:14:14,25.1,46.3
11:14:16,25.0,45.9
11:14:18,25.0,45.8
11:14:20,25.0,45.8
11:14:22,24.9,46.4
11:14:24,24.9,46.4
11:14:26,25.0,46.0
11:14:28,24.8,44.0
11:14:30,24.9,41.5
11:14:32,24.8,39.7
11:14:34,24.9,38.2
11:14:36,24.9,36.3
11:14:38,24.9,35.5
11:14:40,25.0,33.1
11:14:42,25.2,33.6
11:14:44,25.0,33.3
11:14:46,25.2,33.0
11:14:48,25.0,33.0
11:14:50,25.3,34.5
11:14:52,25.1,34.7
11:14:54,25.1,37.1
11:14:56,25.3,38.8
11:14:58,25.2,40.6
11:15:00,25.4,42.8
11:15:02,25.3,45.6
11:15:04,25.7,47.5
11:15:06,25.4,47.6
11:15:08,25.4,47.6
11:15:10,25.5,47.7
11:15:12,25.5,47.7
11:15:14,25.5,48.1
11:15:16,25.5,48.1
11:15:18,25.6,48.4
11:15:20,25.6,48.4
11:15:22,25.6,48.5
11:15:24,25.6,48.5
11:15:26,25.7,48.8
11:15:28,25.7,48.8
11:15:30,25.7,48.9
11:15:32,25.7,48.9
11:15:34,25.7,48.8
11:15:36,25.7,48.8
11:15:38,25.7,48.9
11:15:40,25.7,48.9
11:15:42,25.7,49.1
11:15:44,25.7,49.1
11:15:46,25.7,49.1
11:15:48,25.7,49.1
11:15:50,25.7,49.3
11:15:52,25.7,49.3
11:15:54,25.7,49.3
11:15:56,25.7,49.3
11:15:58,25.7,49.3
11:16:00,25.7,49.3
11:16:02,25.7,49.7
11:16:04,25.7,49.7
11:16:06,25.6,49.9
11:16:08,25.6,49.9
11:16:10,25.7,50.1
11:16:12,25.7,50.1
11:16:14,25.6,50.2
11:16:16,25.6,50.2
11:16:18,25.6,50.6
11:16:20,25.6,50.8
11:16:22,25.5,50.3
11:16:24,25.4,50.4
11:16:26,25.7,49.8
11:16:28,25.5,49.7
11:16:30,25.6,49.8
11:16:32,25.4,50.0
11:16:34,25.7,49.4
11:16:36,25.5,49.6
11:16:38,25.6,49.5
11:16:40,25.5,49.9
11:16:42,25.5,49.1
11:16:44,25.6,49.8
11:16:46,25.3,50.6
11:16:48,25.3,49.1
11:16:50,25.4,49.3
11:16:52,25.4,49.6
11:16:54,25.3,50.2
11:16:56,25.4,49.7
11:16:58,25.3,49.2
11:17:00,25.3,49.6
11:17:02,25.4,50.0
11:17:04,25.4,49.1
11:17:06,25.2,50.7
11:17:08,25.2,50.1
11:17:10,25.3,51.1
11:17:12,25.1,50.6
11:17:14,25.2,51.8
11:17:16,25.1,51.9
11:17:18,25.2,51.2
11:17:20,25.3,52.1
11:17:22,25.3,52.2
11:17:24,25.3,52.2
11:17:26,25.3,52.4
11:17:28,25.3,52.5
11:17:30,25.2,52.6
11:17:32,25.3,52.8
11:17:34,25.2,52.6
11:17:36,25.2,52.5
11:17:38,25.2,52.2
11:17:40,25.2,52.7
11:17:42,25.2,52.6
11:17:44,25.2,52.7
11:17:46,25.2,52.7
11:17:48,25.2,52.5
11:17:50,25.2,52.6
11:17:52,25.2,52.8
11:17:54,25.2,52.8
11:17:56,25.2,53.0
11:17:58,25.2,52.7
11:18:00,25.2,52.9
11:18:02,25.2,52.7
11:18:04,25.2,52.7
11:18:06,32.4,33.7
11:18:08,25.2,52.3
11:18:10,25.2,52.3
11:18:12,25.2,52.3
11:18:14,25.2,52.3
11:18:16,25.2,52.2
11:18:18,25.2,52.2
11:18:20,25.2,52.1
11:18:22,25.2,52.3
11:18:24,25.2,52.3
11:18:26,25.2,52.1
11:18:28,25.2,52.1
11:18:30,25.2,51.5
11:18:32,25.2,51.7
11:18:34,25.2,51.6
11:18:36,25.2,51.7
11:18:38,25.2,51.6
11:18:40,25.1,51.6
11:18:42,25.1,51.8
11:18:44,25.1,51.9
11:18:46,25.1,51.9
11:18:48,25.1,52.1
11:18:50,25.1,51.9
11:18:52,25.1,52.0
11:18:54,25.1,52.0
11:18:56,25.1,52.1
11:18:58,25.1,52.1
11:19:00,25.1,52.2
11:19:02,25.1,52.2
11:19:04,25.1,51.9
11:19:06,25.1,52.1
11:19:08,25.1,52.1
11:19:10,25.1,52.1
11:19:12,25.1,52.1
11:19:14,25.1,51.8
11:19:16,25.1,51.8
11:19:18,25.1,51.7
11:19:20,25.0,52.1
11:19:22,25.0,51.9
11:19:24,25.0,51.9
11:19:26,25.1,51.9
11:19:28,25.0,51.8
11:19:30,25.0,51.9
11:19:32,25.0,51.9
11:19:34,25.0,51.6
11:19:36,25.0,51.5
11:19:38,25.0,51.4
11:19:40,25.0,51.7
11:19:42,15.9,70.9
11:19:44,25.0,51.8
11:19:46,25.0,51.8
11:19:48,25.0,51.8
11:19:50,25.1,51.9
11:19:52,25.0,51.8
11:19:54,25.0,52.0
11:19:56,25.0,51.9
11:19:58,24.9,36.5
11:20:00,25.0,51.4
11:20:02,25.0,51.0
11:20:04,25.0,50.8
11:20:06,25.0,50.6
11:20:08,25.0,50.3
11:20:10,25.0,50.2
11:20:12,25.0,50.1
11:20:14,25.0,50.3
11:20:16,25.0,50.3
11:20:18,25.0,50.4
11:20:20,25.0,50.5
11:20:22,25.0,50.3
11:20:24,25.0,50.4
11:20:26,25.0,50.3
11:20:28,25.0,50.6
11:20:30,25.0,50.6
11:20:32,25.0,50.8
11:20:34,25.0,50.9
11:20:36,24.9,50.8
11:20:38,25.0,51.0
11:20:40,25.0,51.0
11:20:42,24.9,51.1
11:20:44,24.9,51.2
11:20:46,24.9,51.3
11:20:48,24.9,51.5
11:20:50,24.9,51.3
11:20:52,24.9,51.2
11:20:54,24.9,50.8
11:20:56,25.0,50.5
11:20:58,25.0,50.4
11:21:00,24.9,50.3
11:21:02,24.9,50.3
11:21:04,24.9,50.7
11:21:06,24.9,50.7
11:21:08,24.9,50.7
11:21:10,24.9,51.2
11:21:12,24.9,51.6
11:21:14,24.9,51.6
11:21:16,24.9,52.0
11:21:18,24.9,52.1
11:21:20,24.9,52.3
11:21:22,24.9,52.4
11:21:24,25.0,52.1
11:21:26,24.9,51.7
11:21:28,24.9,51.6
11:21:30,24.9,51.6
11:21:32,24.9,51.5
11:21:34,27.2,99.9
11:21:36,27.0,99.9
11:21:38,26.6,99.9
11:21:40,20.5,90.0
11:21:42,20.4,90.0
11:21:44,25.5,99.9
11:21:46,25.2,99.9
11:21:48,25.1,99.9
11:21:50,24.9,91.4
11:21:52,24.9,91.0
11:21:54,24.9,83.2
11:21:56,25.0,79.1
11:21:58,25.0,72.6
11:22:00,24.9,66.5
11:22:02,25.0,62.7
11:22:04,24.9,61.4
11:22:06,25.1,60.7
11:22:08,24.9,56.6
11:22:10,25.0,54.9
11:22:12,24.9,53.1
11:22:14,25.0,52.4
11:22:16,24.8,51.4
11:22:18,25.0,52.0
11:22:20,24.9,51.0
11:22:22,25.1,51.4
11:22:24,24.8,50.7
11:22:26,25.0,50.8
11:22:28,25.0,50.7
11:22:30,24.9,51.1
11:22:32,25.0,51.0
11:22:34,25.1,50.5
11:22:36,25.0,51.0
11:22:38,25.0,50.1
11:22:40,24.8,50.1
11:22:42,24.9,49.5
11:22:44,24.9,49.9
11:22:46,24.8,50.9
11:22:48,25.0,50.8
11:22:50,24.9,50.3
11:22:52,25.0,50.2
11:22:54,25.2,51.8
11:22:56,24.8,51.4
11:22:58,24.8,53.0
11:23:00,24.9,52.6
11:23:02,24.9,52.6
11:23:04,24.8,52.8
11:23:06,24.7,53.0
11:23:08,24.8,53.1
11:23:10,24.8,53.4
11:23:12,24.8,53.0
11:23:14,24.8,52.8
11:23:16,24.9,52.8
11:23:18,24.9,52.7
11:23:20,24.9,52.8
11:23:22,24.9,52.9
11:23:24,24.9,52.4
11:23:26,24.9,52.3
11:23:28,24.9,52.1
11:23:30,24.9,52.1
11:23:32,24.9,51.8
11:23:34,24.9,51.7
11:23:36,24.9,51.8
11:23:38,24.9,51.9
11:23:40,24.9,52.2
11:23:42,24.9,52.2
11:23:44,24.9,52.2
11:23:46,24.9,52.2
11:23:48,24.9,52.2
11:23:50,24.9,52.4
11:23:52,24.9,52.6
11:23:54,24.9,52.1
11:23:56,24.9,51.9
11:23:58,25.0,51.6
11:24:00,24.9,51.5
11:24:02,24.9,51.6
11:24:04,24.9,51.5
11:24:06,24.9,51.7
11:24:08,24.9,51.5
11:24:10,24.9,51.3
11:24:12,24.9,51.3
11:24:14,24.9,51.5
11:24:16,24.9,51.8
11:24:18,24.9,51.7
11:24:20,24.9,52.0
11:24:22,24.9,52.0
11:24:24,24.9,51.9
11:24:26,24.9,51.7
11:24:28,24.9,51.9
11:24:30,24.9,51.9
11:24:32,24.9,51.8
11:24:34,25.0,51.7
11:24:36,24.9,51.5
11:24:38,24.9,51.4
11:24:40,25.0,51.3
11:24:42,24.9,51.2
11:24:44,24.9,51.1
11:24:46,24.9,51.1
11:24:48,24.9,51.1
11:24:50,24.9,51.0
11:24:52,24.9,50.9
11:24:54,24.9,51.2
11:24:56,24.9,51.0
11:24:58,24.9,51.0
11:25:00,24.9,51.0
11:25:02,24.9,51.5
11:25:04,24.9,51.6
11:25:06,26.8,76.0
11:25:08,26.2,69.1
11:25:10,26.1,66.2
11:25:12,25.8,62.2
11:25:14,25.7,61.6
11:25:16,25.5,58.9
11:25:18,25.3,59.9
11:25:20,25.4,55.7
11:25:22,25.3,56.4
11:25:24,25.0,55.2
11:25:26,25.1,53.7
11:25:28,24.9,52.5
11:25:30,24.9,52.4
11:25:32,24.9,52.4
11:25:34,24.9,52.3
11:25:36,24.9,52.3
11:25:38,24.9,52.1
11:25:40,24.9,51.7
11:25:42,24.9,51.6
11:25:44,24.9,51.3
11:25:46,25.0,51.2
11:25:48,24.9,51.1
11:25:50,24.9,51.3
11:25:52,24.9,51.3
11:25:54,24.9,51.1
11:25:56,24.9,51.4
11:25:58,24.9,51.6
11:26:00,24.9,51.8
11:26:02,24.9,52.0
11:26:04,24.9,52.0
11:26:06,24.9,51.9
11:26:08,24.9,51.8
11:26:10,24.9,51.7
11:26:12,24.9,51.5
11:26:14,24.9,51.5
11:26:16,24.9,51.5
11:26:18,24.9,51.4
11:26:20,24.9,51.3
11:26:22,24.9,51.3
11:26:24,24.9,51.4
11:26:26,24.9,51.3
11:26:28,24.9,51.3
11:26:30,24.9,51.1
11:26:32,24.9,51.0
11:26:34,24.9,50.9
11:26:36,25.0,51.0
11:26:38,24.9,55.3
11:26:40,24.9,60.1
11:26:42,24.9,61.5
11:26:44,24.9,64.3
11:26:46,25.0,67.4
11:26:48,25.0,66.2
11:26:50,25.0,64.2
11:26:52,25.0,62.9
11:26:54,25.0,63.4
11:26:56,25.0,99.9
11:26:58,25.1,94.0
11:27:00,25.1,87.9
11:27:02,25.1,77.9
11:27:04,25.1,73.4
11:27:06,25.1,71.5
11:27:08,25.1,77.2
11:27:10,25.2,76.9
11:27:12,25.2,76.4
11:27:14,25.2,71.6
11:27:16,25.2,69.3
11:27:18,25.2,67.3
11:27:20,25.2,65.1
11:27:22,25.2,64.1
11:27:24,25.2,63.7
11:27:26,25.2,62.6
11:27:28,25.2,61.4
11:27:30,25.2,60.9
11:27:32,25.2,60.2
11:27:34,25.2,59.7
11:27:36,25.2,59.2
11:27:38,25.2,59.0
11:27:40,25.2,58.3
11:27:42,25.2,58.1
11:27:44,25.2,58.3
11:27:46,25.2,58.1
11:27:48,25.3,58.0
11:27:50,25.3,58.1
11:27:52,25.3,58.0
11:27:54,25.3,58.1
11:27:56,25.4,58.1
11:27:58,25.3,58.2
11:28:00,25.4,58.1
11:28:02,25.4,58.0
11:28:04,25.4,58.2
11:28:06,25.4,57.2
11:28:08,25.4,57.1
11:28:10,25.4,56.7
11:28:12,25.4,56.5
11:28:14,25.4,56.5
11:28:16,25.4,56.7
11:28:18,25.4,56.9
11:28:20,25.4,57.0
11:28:22,25.4,56.8
11:28:24,25.5,56.8
11:28:26,25.5,57.1
11:28:28,25.5,57.6
11:28:30,25.5,59.6
11:28:32,25.5,60.3
11:28:34,25.5,60.9
11:28:36,25.6,60.2
11:28:38,25.5,59.7
11:28:40,25.5,63.9
11:28:42,25.5,63.6
11:28:44,25.5,52.6
11:28:46,25.4,49.2
11:28:48,25.5,45.5
11:28:50,25.5,43.1
11:28:52,25.5,39.9
11:28:54,25.6,38.4
11:28:56,25.4,36.3
11:28:58,25.4,34.9
11:29:00,25.7,34.2
11:29:02,25.6,32.4
11:29:04,25.1,31.8
11:29:06,25.4,30.6
11:29:08,25.4,28.9
11:29:10,25.4,28.8
11:29:12,25.6,28.7
11:29:14,25.6,28.1
11:29:16,25.2,27.9
11:29:18,25.3,28.3
11:29:20,25.2,28.2
11:29:22,25.3,29.0
11:29:24,25.3,29.2
11:29:26,25.2,30.0
11:29:28,25.4,30.4
11:29:30,25.2,31.6
11:29:32,25.3,31.9
11:29:34,25.3,33.5
11:29:36,25.3,34.0
11:29:38,25.2,35.2
11:29:40,25.3,37.3
11:29:42,25.2,39.3
11:29:44,25.1,41.2
11:29:46,25.2,42.5
11:29:48,25.3,43.9
11:29:50,25.2,46.0
11:29:52,25.2,48.7
11:29:54,25.3,49.4
11:29:56,25.2,49.7
11:29:58,25.2,49.9
11:30:00,25.2,50.1
11:30:02,25.2,50.1
11:30:04,25.2,50.1
11:30:06,25.1,49.9
11:30:08,25.1,50.0
11:30:10,29.5,43.2
11:30:12,28.0,39.4
11:30:14,25.1,50.4
11:30:16,25.1,50.3
11:30:18,25.1,50.3
11:30:20,25.1,50.3
11:30:22,25.1,50.9
11:30:24,25.0,50.5
11:30:26,25.1,50.4
11:30:28,25.1,50.3
11:30:30,25.1,50.5
11:30:32,25.0,50.3
11:30:34,25.0,50.3
11:30:36,25.0,50.3
11:30:38,25.0,50.5
11:30:40,25.0,50.5
11:30:42,25.0,50.3
11:30:44,25.0,50.5
11:30:46,25.0,50.5
11:30:48,25.0,50.4
11:30:50,25.0,50.6
11:30:52,25.0,50.5
11:30:54,24.9,50.4
11:30:56,24.9,50.5
11:30:58,24.9,50.4
11:31:00,24.9,50.4
11:31:02,24.9,50.6
11:31:04,24.9,50.6
11:31:06,24.9,50.7
11:31:08,24.9,50.7
11:31:10,24.9,50.7
11:31:12,24.9,50.7
11:31:14,24.9,50.7
11:31:16,24.9,50.8
11:31:18,24.9,50.8
11:31:20,27.0,89.2
11:31:22,26.2,72.8
11:31:24,25.7,62.3
11:31:26,25.3,57.6
11:31:28,25.0,54.7
11:31:30,25.0,53.8
11:31:32,25.0,52.6
11:31:34,24.9,50.5
11:31:36,24.9,50.3
11:31:38,24.9,50.7
11:31:40,24.9,50.8
11:31:42,24.9,51.0
11:31:44,24.9,51.1
11:31:46,24.9,51.1
11:31:48,24.8,51.3
11:31:50,24.8,51.2
11:31:52,24.8,51.3
11:31:54,24.8,51.3
11:31:56,24.9,51.5
11:31:58,24.8,51.3
11:32:00,24.9,51.6
11:32:02,24.9,51.9
11:32:04,24.9,52.1
11:32:06,24.9,52.1
11:32:08,24.9,51.9
11:32:10,25.0,51.8
11:32:12,25.0,51.4
11:32:14,25.0,51.5
11:32:16,25.1,51.5
11:32:18,25.1,51.5
11:32:20,25.1,51.4
11:32:22,25.2,51.4
11:32:24,25.2,51.6
11:32:26,25.2,51.7
11:32:28,25.3,51.9
11:32:30,25.3,51.8
11:32:32,25.3,51.4
11:32:34,25.4,51.3
11:32:36,25.5,51.3
11:32:38,25.4,50.9
11:32:40,25.5,51.1
11:32:42,25.5,51.1
11:32:44,25.6,51.6
11:32:46,25.6,51.4
11:32:48,25.6,51.5
11:32:50,25.6,52.1
11:32:52,25.6,52.4
11:32:54,25.6,51.9
11:32:56,25.6,51.7
11:32:58,25.6,51.7
11:33:00,25.6,51.7
11:33:02,25.7,51.6
11:33:04,25.7,51.9
11:33:06,25.7,52.2
11:33:08,25.7,52.6
11:33:10,25.7,52.4
11:33:12,25.7,52.2
11:33:14,25.7,51.9
11:33:16,25.8,51.6
11:33:18,25.7,51.6
11:33:20,25.8,52.2
11:33:22,25.8,52.6
11:33:24,25.8,52.7
11:33:26,25.8,52.2
11:33:28,25.8,52.0
11:33:30,25.8,51.7
11:33:32,29.7,43.0
11:33:34,30.0,40.5
11:33:36,25.9,52.4
11:33:38,25.9,52.6
11:33:40,25.9,52.4
11:33:42,10.4,82.8
11:33:44,10.5,90.0
11:33:46,25.9,51.0
11:33:48,25.9,50.7
11:33:50,25.9,50.6
11:33:52,25.9,50.8
11:33:54,25.9,50.5
11:33:56,25.9,50.0
11:33:58,25.9,50.0
11:34:00,25.9,49.8
11:34:02,25.9,49.5
11:34:04,26.0,59.1
11:34:06,25.8,49.1
11:34:08,25.8,48.7
11:34:10,25.9,25.6
11:34:12,25.8,47.9
11:34:14,25.7,47.7
11:34:16,25.7,47.6
11:34:18,25.7,47.1
11:34:20,25.6,46.9
11:34:22,25.6,46.5
11:34:24,25.6,46.3
11:34:26,25.6,46.1
11:34:28,25.5,46.1
11:34:30,25.5,46.0
11:34:32,25.5,46.1
11:34:34,25.5,46.0
11:34:36,25.5,46.2
11:34:38,25.4,46.0
11:34:40,25.4,46.1
11:34:42,25.4,46.1
11:34:44,25.3,46.1
11:34:46,25.3,46.2
11:34:48,25.3,46.5
11:34:50,25.3,46.7
11:34:52,25.3,47.0
11:34:54,25.3,47.0
11:34:56,25.3,47.3
11:34:58,25.3,47.5
11:35:00,25.3,47.6
11:35:02,25.1,30.8
11:35:04,25.3,48.4
11:35:06,25.3,58.8
11:35:08,25.2,59.2
11:35:10,25.3,48.2
11:35:12,25.2,48.0
11:35:14,25.3,48.1
11:35:16,25.3,48.3
11:35:18,25.3,48.3
11:35:20,25.3,48.4
11:35:22,25.3,48.4
11:35:24,25.3,48.2
11:35:26,25.3,48.3
11:35:28,25.3,48.3
11:35:30,25.3,48.1
11:35:32,25.3,48.0
11:35:34,25.3,47.9
11:35:36,25.3,47.8
11:35:38,25.3,47.7
11:35:40,25.3,47.9
11:35:42,25.2,47.6
11:35:44,25.2,47.5
11:35:46,25.2,47.5
11:35:48,25.2,47.5
11:35:50,25.2,47.4
11:35:52,25.2,47.1
11:35:54,25.2,47.1
11:35:56,25.2,47.0
11:35:58,25.1,47.7
11:36:00,25.2,48.0
11:36:02,25.2,48.1
11:36:04,30.5,36.5
11:36:06,30.8,30.7
11:36:08,25.1,48.7
11:36:10,25.1,48.9
11:36:12,25.1,49.1
11:36:14,25.1,49.0
11:36:16,25.1,49.0
11:36:18,25.1,49.0
11:36:20,25.1,49.1
11:36:22,25.1,49.1
11:36:24,25.1,49.1
11:36:26,25.1,49.2
11:36:28,25.2,49.4
11:36:30,25.2,49.4
11:36:32,25.1,49.2
11:36:34,25.1,48.9
11:36:36,25.1,48.4
11:36:38,25.2,48.5
11:36:40,25.2,48.4
11:36:42,25.2,48.3
11:36:44,25.1,48.0
11:36:46,25.2,47.9
11:36:48,25.2,47.6
11:36:50,25.2,47.6
11:36:52,25.2,47.6
11:36:54,25.2,47.7
11:36:56,25.2,47.7
11:36:58,25.2,47.5
11:37:00,25.2,52.5
11:37:02,25.2,68.3
11:37:04,25.3,75.2
11:37:06,25.4,77.7
11:37:08,25.4,85.1
11:37:10,25.5,90.1
11:37:12,25.6,92.4
11:37:14,25.6,95.1
11:37:16,25.7,93.7
11:37:18,25.8,92.3
11:37:20,25.9,91.5
11:37:22,25.9,87.2
11:37:24,25.9,82.0
11:37:26,26.0,75.1
11:37:28,25.9,70.4
11:37:30,25.9,66.2
11:37:32,25.9,62.6
11:37:34,25.9,59.6
11:37:36,25.9,56.8
11:37:38,25.9,54.8
11:37:40,25.9,53.6
11:37:42,25.9,52.8
11:37:44,25.9,51.9
11:37:46,25.9,51.2
11:37:48,25.9,50.8
11:37:50,25.9,49.9
11:37:52,25.9,49.1
11:37:54,25.9,48.7
11:37:56,25.8,48.4
11:37:58,25.8,48.5
11:38:00,25.8,48.4
11:38:02,25.8,48.7
11:38:04,25.8,49.4
11:38:06,25.8,50.0
11:38:08,25.8,49.3
11:38:10,25.8,49.2
11:38:12,25.8,49.2
11:38:14,25.8,48.8
11:38:16,10.7,90.0
11:38:18,11.5,90.0
11:38:20,25.8,48.7
11:38:22,25.7,48.7
11:38:24,25.7,48.6
11:38:26,25.8,48.9
11:38:28,25.8,48.8
11:38:30,25.7,48.5
11:38:32,25.7,48.6
11:38:34,25.7,48.5
11:38:36,25.7,48.1
11:38:38,25.7,48.2
11:38:40,25.7,48.3
11:38:42,25.7,48.9
11:38:44,25.7,48.9
11:38:46,25.7,49.1
11:38:48,25.7,49.0
11:38:50,25.6,50.1
11:38:52,25.7,52.2
11:38:54,25.7,52.1
11:38:56,25.7,50.6
11:38:58,25.7,50.0
11:39:00,25.7,52.2
11:39:02,25.7,53.3
11:39:04,25.7,53.9
11:39:06,25.7,52.2
11:39:08,25.7,51.0
11:39:10,25.7,53.4
11:39:12,25.7,56.4
11:39:14,25.8,58.2
11:39:16,25.8,60.2
11:39:18,25.9,75.0
11:39:20,25.8,63.1
11:39:22,25.8,63.3
11:39:24,25.9,63.5
11:39:26,25.9,63.8
11:39:28,26.0,63.9
11:39:30,26.0,63.9
11:39:32,26.0,63.9
11:39:34,26.1,63.9
11:39:36,26.1,64.2
11:39:38,26.1,64.3
11:39:40,26.1,64.1
11:39:42,26.1,64.0
11:39:44,26.2,63.7
11:39:46,26.2,63.3
11:39:48,26.2,63.4
11:39:50,26.2,63.1
11:39:52,26.3,62.8
11:39:54,26.3,62.7
11:39:56,26.3,62.6
11:39:58,26.3,62.6
11:40:00,26.3,62.0
11:40:02,26.3,61.8
11:40:04,26.4,61.5
11:40:06,26.4,62.0
11:40:08,26.4,61.9
11:40:10,26.4,61.7
11:40:12,26.4,61.2
11:40:14,26.4,61.3
11:40:16,26.5,61.1
11:40:18,26.5,61.2
11:40:20,26.5,61.1
11:40:22,26.5,61.1
11:40:24,26.6,60.9
11:40:26,26.6,60.0
11:40:28,26.6,59.2
11:40:30,26.6,59.4
11:40:32,26.6,58.6
11:40:34,26.6,58.3
11:40:36,26.7,58.3
11:40:38,26.7,58.5
11:40:40,26.7,59.0
11:40:42,26.7,59.3
11:40:44,26.7,59.0
11:40:46,26.7,59.5
11:40:48,26.7,59.7
11:40:50,26.7,60.0
11:40:52,26.8,60.0
11:40:54,26.7,60.1
11:40:56,26.8,59.7
11:40:58,26.7,59.6
11:41:00,26.8,60.1
11:41:02,26.8,60.0
11:41:04,26.8,59.7
11:41:06,26.8,59.9
11:41:08,26.8,59.0
11:41:10,26.8,58.4
11:41:12,26.8,58.1
11:41:14,26.8,58.7
11:41:16,26.8,59.6
11:41:18,26.8,60.0
11:41:20,26.9,59.3
11:41:22,26.9,59.2
11:41:24,26.9,57.9
11:41:26,26.9,57.0
11:41:28,27.0,57.2
11:41:30,30.8,48.9
11:41:32,27.0,57.4
11:41:34,27.0,57.7
11:41:36,27.0,57.8
11:41:38,27.0,58.1
11:41:40,27.0,57.0
11:41:42,27.0,56.0
11:41:44,27.0,55.1
11:41:46,27.0,54.9
11:41:48,27.0,55.1
11:41:50,27.1,55.2
11:41:52,27.1,55.4
11:41:54,27.1,55.8
11:41:56,27.0,55.9
11:41:58,27.1,55.5
11:42:00,27.1,55.3
11:42:02,27.1,54.8
11:42:04,27.1,54.2
11:42:06,27.1,54.0
11:42:08,27.1,54.3
11:42:10,27.2,53.5
11:42:12,27.1,52.8
11:42:14,27.2,52.7
11:42:16,27.2,52.8
11:42:18,27.2,53.4
11:42:20,27.2,53.3
11:42:22,27.2,53.5
11:42:24,27.2,52.5
11:42:26,27.3,52.1
11:42:28,27.3,52.3
11:42:30,27.3,52.0
11:42:32,27.3,51.6
11:42:34,27.3,51.9
11:42:36,27.3,50.8
11:42:38,27.3,48.8
11:42:40,27.3,47.5
11:42:42,27.3,46.8
11:42:44,27.3,46.2
11:42:46,27.3,45.7
11:42:48,27.2,45.4
11:42:50,27.2,45.3
11:42:52,27.2,45.0
11:42:54,27.1,44.9
11:42:56,27.1,44.9
11:42:58,27.0,44.9
11:43:00,27.0,44.9
11:43:02,27.0,44.7
11:43:04,27.0,44.6
11:43:06,26.9,44.5
11:43:08,26.9,44.3
11:43:10,26.8,44.4
11:43:12,26.8,44.3
11:43:14,26.8,44.5
11:43:16,26.7,44.7
11:43:18,26.7,44.5
11:43:20,26.6,44.7
11:43:22,26.6,44.8
11:43:24,26.6,44.6
11:43:26,26.6,44.7
11:43:28,26.6,44.5
11:43:30,26.5,44.3
11:43:32,26.5,44.2
11:43:34,26.5,44.1
11:43:36,26.5,44.0
11:43:38,26.5,44.2
11:43:40,26.4,44.1
11:43:42,26.4,44.1
11:43:44,26.4,44.2
11:43:46,26.3,44.2
11:43:48,11.8,90.0
11:43:50,26.3,44.1
11:43:52,26.3,44.3
11:43:54,26.3,44.2
11:43:56,26.3,44.2
11:43:58,26.2,44.2
11:44:00,26.2,44.2
11:44:02,26.2,44.0
11:44:04,26.2,44.0
11:44:06,26.1,44.0
11:44:08,26.1,44.0
11:44:10,26.1,44.3
11:44:12,26.1,44.3
11:44:14,26.1,44.4
11:44:16,26.1,44.6
11:44:18,26.0,44.8
11:44:20,26.0,44.8
11:44:22,26.0,44.8
11:44:24,26.0,45.0
11:44:26,26.0,44.8
11:44:28,26.0,44.7
11:44:30,26.0,44.5
11:44:32,26.0,44.3
11:44:34,26.0,44.3
11:44:36,22.4,52.6
11:44:38,25.9,44.4
11:44:40,25.9,44.4
11:44:42,25.9,44.5
11:44:44,25.9,44.6
11:44:46,25.9,44.4
11:44:48,25.9,44.7
11:44:50,25.9,44.5
11:44:52,25.9,45.0
11:44:54,25.9,44.8
11:44:56,25.9,44.6
11:44:58,25.9,44.6
11:45:00,25.9,44.5
11:45:02,25.9,44.6
11:45:04,25.8,44.5
11:45:06,25.8,44.6
11:45:08,25.8,44.6
11:45:10,25.8,44.8
11:45:12,25.8,44.6
11:45:14,25.8,44.7
11:45:16,25.8,44.7
11:45:18,25.8,44.7
11:45:20,25.8,44.7
11:45:22,25.8,44.7
11:45:24,25.8,44.7
11:45:26,25.8,44.7
11:45:28,25.8,44.7
11:45:30,25.8,44.7
11:45:32,25.7,44.6
11:45:34,25.7,44.5
11:45:36,25.7,44.5
11:45:38,25.7,44.3
11:45:40,25.7,44.3
11:45:42,25.7,44.4
11:45:44,25.7,44.4
11:45:46,25.7,44.4
11:45:48,25.7,44.4
11:45:50,25.7,44.4
11:45:52,25.7,44.4
11:45:54,25.7,44.4
11:45:56,25.7,44.4
11:45:58,25.7,44.4
11:46:00,25.7,44.5
11:46:02,25.7,44.3
11:46:04,25.7,44.4
11:46:06,25.7,44.2
11:46:08,25.7,44.3
11:46:10,25.7,44.3
11:46:12,25.7,44.4
11:46:14,25.7,44.6
11:46:16,25.7,44.8
11:46:18,25.7,45.1
11:46:20,25.7,45.3
11:46:22,25.7,45.4
11:46:24,25.7,45.2
11:46:26,25.7,45.0
11:46:28,25.8,45.1
11:46:30,25.8,45.1
11:46:32,25.7,44.9
11:46:34,25.7,45.0
11:46:36,25.8,45.2
11:46:38,25.8,45.3
11:46:40,25.8,45.4
11:46:42,25.8,45.4
11:46:44,25.8,45.4
11:46:46,25.8,45.4
11:46:48,25.8,45.4
11:46:50,25.8,45.4
11:46:52,25.9,45.0
11:46:54,25.9,45.0
11:46:56,25.9,44.7
11:46:58,25.9,44.7
11:47:00,25.9,44.7
11:47:02,26.0,44.8
11:47:04,25.9,44.6
11:47:06,26.0,44.5
11:47:08,26.0,44.5
11:47:10,26.0,44.5
11:47:12,26.0,44.5
11:47:14,26.0,44.3
11:47:16,26.0,44.2
11:47:18,26.0,44.0
11:47:20,26.0,44.0
11:47:22,26.0,44.5
11:47:24,26.1,44.6
11:47:26,26.0,44.7
11:47:28,26.1,44.6
11:47:30,26.1,44.5
11:47:32,26.1,44.5
11:47:34,26.1,44.5
11:47:36,26.1,44.7
11:47:38,26.1,44.8
11:47:40,26.1,44.7
11:47:42,26.1,44.8
11:47:44,26.0,74.2
11:47:46,26.1,44.8
11:47:48,26.1,44.7
11:47:50,26.1,44.7
11:47:52,26.1,44.6
11:47:54,26.1,44.5
11:47:56,26.1,44.4
11:47:58,26.1,44.5
11:48:00,26.1,44.5
11:48:02,28.0,78.6
11:48:04,27.2,63.3
11:48:06,26.7,55.6
11:48:08,26.4,50.8
11:48:10,26.2,48.9
11:48:12,26.1,47.0
11:48:14,26.1,45.3
11:48:16,26.1,44.1
11:48:18,26.1,44.0
11:48:20,26.1,43.9
11:48:22,26.1,44.0
11:48:24,26.1,44.0
11:48:26,26.1,44.1
11:48:28,26.1,44.2
11:48:30,26.1,44.3
11:48:32,26.1,44.1
11:48:34,26.1,43.9
11:48:36,26.1,44.0
11:48:38,28.5,86.3
11:48:40,27.2,63.4
11:48:42,26.5,51.9
11:48:44,26.3,47.7
11:48:46,26.1,44.3
11:48:48,26.2,35.3
11:48:50,26.1,43.9
11:48:52,26.1,43.9
11:48:54,26.1,43.9
11:48:56,26.1,43.9
11:48:58,26.1,43.9
11:49:00,26.1,44.0
11:49:02,26.1,44.0
11:49:04,26.1,44.1
11:49:06,26.1,44.3
11:49:08,26.1,44.4
11:49:10,26.1,44.5
11:49:12,26.1,44.5
11:49:14,26.1,44.6
11:49:16,26.1,44.6
11:49:18,26.1,44.6
11:49:20,26.1,44.6
11:49:22,26.1,44.6
11:49:24,26.1,44.6
11:49:26,26.1,44.6
11:49:28,26.1,44.1
11:49:30,26.1,44.1
11:49:32,14.0,68.6
11:49:34,26.1,44.0
11:49:36,26.1,44.0
11:49:38,26.1,44.0
11:49:40,26.1,43.8
11:49:42,26.1,43.7
11:49:44,26.2,43.8
11:49:46,26.1,43.8
11:49:48,26.1,43.7
11:49:50,26.1,44.2
11:49:52,26.2,45.5
11:49:54,26.2,47.0
11:49:56,26.0,49.2
11:49:58,26.3,51.3
11:50:00,26.2,52.0
11:50:02,26.2,53.1
11:50:04,26.2,54.5
11:50:06,26.1,55.4
11:50:08,26.2,56.3
11:50:10,26.1,57.3
11:50:12,26.2,58.0
11:50:14,26.1,57.5
11:50:16,26.2,57.0
11:50:18,25.9,57.6
11:50:20,26.2,56.7
11:50:22,26.3,56.4
11:50:24,26.3,55.0
11:50:26,26.3,52.8
11:50:28,26.3,52.2
11:50:30,26.2,50.2
11:50:32,26.2,48.7
11:50:34,26.4,47.1
11:50:36,26.1,45.7
11:50:38,26.2,44.2
11:50:40,26.2,44.3
11:50:42,26.2,44.3
11:50:44,26.2,44.2
11:50:46,26.2,44.0
11:50:48,26.2,43.8
11:50:50,26.2,43.8
11:50:52,26.2,44.0
11:50:54,26.2,44.0
11:50:56,6.7,90.0
11:50:58,6.1,90.0
11:51:00,26.2,44.0
11:51:02,26.2,44.0
11:51:04,26.2,44.0
11:51:06,26.2,44.0
11:51:08,26.2,43.9
11:51:10,26.2,43.7
11:51:12,26.2,43.6
11:51:14,26.2,43.6
11:51:16,26.2,43.6
11:51:18,26.2,43.8
11:51:20,26.2,43.9
11:51:22,26.1,43.9
11:51:24,26.1,43.9
11:51:26,26.1,43.7
11:51:28,26.1,43.6
11:51:30,26.1,43.6
11:51:32,26.1,43.8
11:51:34,26.1,43.8
11:51:36,26.1,44.2
11:51:38,26.1,44.1
11:51:40,26.1,44.3
11:51:42,26.1,44.2
11:51:44,26.0,44.2
11:51:46,26.0,44.1
11:51:48,26.0,44.3
11:51:50,26.0,43.9
11:51:52,26.0,43.8
11:51:54,26.0,44.1
11:51:56,26.0,44.2
11:51:58,25.9,44.3
11:52:00,25.9,44.4
11:52:02,25.9,44.3
11:52:04,25.9,44.2
11:52:06,25.9,44.2
11:52:08,25.9,44.0
11:52:10,25.9,44.1
11:52:12,25.8,44.2
11:52:14,25.9,44.2
11:52:16,25.9,83.2
11:52:18,25.8,44.1
11:52:20,18.5,67.0
11:52:22,18.1,60.7
11:52:24,25.7,44.5
11:52:26,25.8,45.0
11:52:28,25.7,45.1
11:52:30,25.7,45.1
11:52:32,25.8,45.2
11:52:34,25.7,45.1
11:52:36,25.7,45.0
11:52:38,25.7,45.3
11:52:40,25.7,45.4
11:52:42,25.7,45.5
11:52:44,25.7,45.4
11:52:46,25.7,45.6
11:52:48,25.7,45.5
11:52:50,25.7,45.3
11:52:52,25.7,45.1
11:52:54,25.7,45.0
11:52:56,25.7,44.9
11:52:58,25.7,45.0
11:53:00,25.7,44.9
11:53:02,25.7,46.7
11:53:04,25.7,53.1
11:53:06,25.7,60.2
11:53:08,25.8,60.2
11:53:10,25.9,64.9
11:53:12,26.1,62.1
11:53:14,26.3,75.1
11:53:16,26.4,71.3
11:53:18,26.6,68.3
11:53:20,26.7,75.9
11:53:22,26.9,75.9
11:53:24,27.0,68.8
11:53:26,27.2,69.9
11:53:28,27.4,64.3
11:53:30,27.5,59.7
11:53:32,27.5,57.0
11:53:34,27.6,58.6
11:53:36,27.6,56.8
11:53:38,22.5,72.4
11:53:40,27.7,68.8
11:53:42,27.8,73.1
11:53:44,27.9,74.7
11:53:46,27.9,67.9
11:53:48,28.0,64.1
11:53:50,28.0,59.8
11:53:52,28.0,56.0
11:53:54,27.9,53.9
11:53:56,29.1,74.1
11:53:58,28.8,66.1
11:54:00,28.3,61.2
11:54:02,28.2,54.7
11:54:04,28.0,53.0
11:54:06,27.9,51.4
11:54:08,28.0,49.1
11:54:10,27.6,46.7
11:54:12,27.8,45.4
11:54:14,27.7,44.1
11:54:16,27.7,43.9
11:54:18,27.6,43.7
11:54:20,27.6,43.5
11:54:22,27.6,43.4
11:54:24,27.6,43.4
11:54:26,27.6,43.3
11:54:28,29.1,70.2
11:54:30,28.7,63.8
11:54:32,28.4,57.8
11:54:34,28.2,53.8
11:54:36,27.9,51.5
11:54:38,27.6,50.0
11:54:40,27.6,46.7
11:54:42,27.5,46.0
11:54:44,27.4,43.4
11:54:46,27.3,43.7
11:54:48,27.3,43.8
11:54:50,27.3,43.8
11:54:52,27.3,43.6
11:54:54,27.3,43.5
11:54:56,27.2,43.3
11:54:58,27.2,43.2
11:55:00,27.2,43.1
11:55:02,27.2,43.2
11:55:04,27.2,43.1
11:55:06,27.1,43.1
11:55:08,27.1,43.3
11:55:10,27.1,43.5
11:55:12,27.1,44.1
11:55:14,27.0,44.3
11:55:16,27.0,44.1
11:55:18,27.0,44.3
11:55:20,32.0,26.0
11:55:22,32.3,26.7
11:55:24,26.9,44.2
11:55:26,26.9,44.2
11:55:28,26.9,44.2
11:55:30,26.6,86.8
11:55:32,26.9,44.2
11:55:34,26.9,44.1
11:55:36,26.9,44.4
11:55:38,26.9,44.5
11:55:40,26.8,44.5
11:55:42,26.8,44.5
11:55:44,26.8,44.8
11:55:46,26.8,44.9
11:55:48,26.8,45.0
11:55:50,26.8,45.5
11:55:52,26.8,46.7
11:55:54,26.8,47.1
11:55:56,26.8,47.7
11:55:58,26.7,48.1
11:56:00,26.8,48.4
11:56:02,26.7,48.5
11:56:04,26.8,47.8
11:56:06,26.8,47.5
11:56:08,26.7,47.3
11:56:10,26.7,46.9
11:56:12,26.7,46.7
11:56:14,26.7,46.8
11:56:16,26.7,46.9
11:56:18,26.7,47.0
11:56:20,26.7,47.3
11:56:22,26.7,47.3
11:56:24,26.7,46.9
11:56:26,26.7,46.7
11:56:28,26.7,47.2
11:56:30,26.7,47.7
11:56:32,26.7,47.3
11:56:34,26.7,46.9
11:56:36,26.7,46.6
11:56:38,26.7,46.6
11:56:40,26.7,46.8
11:56:42,26.7,46.8
11:56:44,26.7,46.7
11:56:46,26.7,46.5
11:56:48,26.7,46.5
11:56:50,26.7,45.9
11:56:52,26.6,50.5
11:56:54,26.7,55.9
11:56:56,26.9,60.3
11:56:58,26.6,65.8
11:57:00,26.7,70.3
11:57:02,26.8,75.2
11:57:04,26.8,78.2
11:57:06,26.7,80.8
11:57:08,26.6,83.7
11:57:10,26.7,85.7
11:57:12,26.7,87.1
11:57:14,27.0,88.1
11:57:16,26.6,88.8
11:57:18,26.7,88.6
11:57:20,26.8,86.6
11:57:22,26.7,85.7
11:57:24,26.7,84.0
11:57:26,26.9,80.9
11:57:28,26.7,77.5
11:57:30,26.6,74.3
11:57:32,26.6,69.8
11:57:34,26.5,65.3
11:57:36,26.7,59.7
11:57:38,26.7,55.4
11:57:40,26.6,51.3
11:57:42,26.8,46.7
11:57:44,26.7,46.3
11:57:46,26.6,46.4
11:57:48,26.6,46.9
11:57:50,26.6,47.2
11:57:52,26.6,47.5
11:57:54,26.6,47.7
11:57:56,26.6,47.7
11:57:58,26.6,47.3
11:58:00,26.6,46.7
11:58:02,26.6,46.4
11:58:04,26.6,46.6
11:58:06,26.6,46.6
11:58:08,26.6,46.6
11:58:10,26.6,46.6
11:58:12,26.6,46.6
11:58:14,26.6,46.6
11:58:16,26.6,46.6
11:58:18,26.6,46.6
11:58:20,26.6,46.6
11:58:22,26.6,46.6
11:58:24,26.6,46.6
11:58:26,26.6,46.6
11:58:28,26.6,45.5
11:58:30,26.6,46.1
11:58:32,26.6,46.4
11:58:34,26.5,46.5
11:58:36,26.6,46.6
11:58:38,26.6,46.5
11:58:40,26.6,46.4
11:58:42,26.6,46.3
11:58:44,26.6,46.3
11:58:46,26.6,46.1
11:58:48,26.5,46.0
11:58:50,26.6,46.5
11:58:52,26.6,46.8
11:58:54,26.6,46.7
11:58:56,26.6,46.5
11:58:58,26.6,46.9
11:59:00,26.6,47.6
11:59:02,26.6,48.0
11:59:04,26.6,47.9
11:59:06,26.5,47.6
11:59:08,26.6,47.6
11:59:10,26.5,47.5
11:59:12,26.6,48.3
11:59:14,26.6,48.8
11:59:16,26.5,48.6
11:59:18,26.6,48.8
11:59:20,26.6,48.6
11:59:22,26.5,47.8
11:59:24,26.6,47.5
11:59:26,26.5,47.2
11:59:28,26.5,47.1
11:59:30,26.6,47.3
11:59:32,26.6,47.7
11:59:34,26.6,47.7
11:59:36,26.6,47.5
11:59:38,26.5,47.1
11:59:40,26.6,47.2
11:59:42,26.6,47.0
11:59:44,26.6,46.7
11:59:46,26.6,46.3
11:59:48,26.6,46.1
11:59:50,26.6,46.0
11:59:52,26.6,45.9
11:59:54,26.6,45.8
11:59:56,26.6,45.8
11:59:58,26.6,45.7
12:00:00,26.6,45.7
12:00:02,26.6,45.6
12:00:04,26.6,45.7
12:00:06,26.6,45.9
12:00:08,26.6,45.8
12:00:10,26.6,45.7
12:00:12,26.5,45.5
12:00:14,26.6,45.5
12:00:16,26.6,45.5
12:00:18,26.6,45.5
12:00:20,26.5,45.5
12:00:22,26.6,45.4
12:00:24,26.6,45.7
12:00:26,26.6,45.7
12:00:28,26.5,45.7
12:00:30,26.5,45.7
12:00:32,26.6,45.6
12:00:34,26.6,45.6
12:00:36,26.6,45.4
12:00:38,26.6,45.4
12:00:40,26.6,45.2
12:00:42,26.6,45.6
12:00:44,26.5,46.2
12:00:46,26.6,46.8
12:00:48,26.5,48.9
12:00:50,26.6,49.4
12:00:52,26.6,49.7
12:00:54,26.6,49.6
12:00:56,26.6,49.8
12:00:58,26.4,48.8
12:01:00,26.4,47.0
12:01:02,26.5,44.8
12:01:04,26.6,43.4
12:01:06,26.5,42.1
12:01:08,26.7,39.7
12:01:10,26.5,37.0
12:01:12,26.5,36.6
12:01:14,26.5,36.7
12:01:16,26.4,34.8
12:01:18,26.6,33.7
12:01:20,26.4,33.0
12:01:22,26.6,31.9
12:01:24,26.5,31.5
12:01:26,26.7,30.5
12:01:28,26.4,30.3
12:01:30,26.6,29.9
12:01:32,26.7,28.7
12:01:34,26.5,29.4
12:01:36,26.4,29.8
12:01:38,26.4,29.3
12:01:40,26.7,29.6
12:01:42,26.5,30.4
12:01:44,26.4,30.1
12:01:46,26.4,30.1
12:01:48,26.4,32.6
12:01:50,26.7,33.5
12:01:52,26.4,33.0
12:01:54,26.5,34.2
12:01:56,26.5,35.5
12:01:58,26.5,36.9
12:02:00,26.6,37.6
12:02:02,26.5,40.0
12:02:04,26.7,39.4
12:02:06,26.5,41.5
12:02:08,26.4,42.2
12:02:10,26.7,44.3
12:02:12,26.4,45.1
12:02:14,26.5,44.9
12:02:16,26.5,44.8
12:02:18,26.5,44.7
12:02:20,26.5,44.6
12:02:22,26.5,44.6
12:02:24,26.5,44.4
12:02:26,26.5,44.4
12:02:28,26.5,44.4
12:02:30,26.5,44.3
12:02:32,26.5,44.3
12:02:34,26.5,44.3
12:02:36,26.4,44.2
12:02:38,26.4,44.2
12:02:40,26.4,44.2
12:02:42,26.4,44.2
12:02:44,26.4,44.6
12:02:46,26.4,44.7
12:02:48,26.4,44.9
12:02:50,26.4,45.1
12:02:52,26.4,45.7
12:02:54,26.4,45.9
12:02:56,26.4,45.9
12:02:58,26.4,45.9
12:03:00,26.3,45.9
12:03:02,26.4,46.4
12:03:04,26.4,46.9
12:03:06,26.4,47.4
12:03:08,26.4,47.8
12:03:10,26.4,47.4
12:03:12,26.4,46.9
12:03:14,26.4,46.5
12:03:16,26.4,46.5
12:03:18,26.4,46.6
12:03:20,26.4,46.6
12:03:22,26.4,46.8
12:03:24,26.4,46.9
12:03:26,26.4,46.9
12:03:28,26.4,47.2
12:03:30,26.5,47.5
12:03:32,26.5,47.6
12:03:34,26.4,47.2
12:03:36,26.4,46.9
12:03:38,26.5,47.1
12:03:40,26.4,47.0
12:03:42,26.5,47.2
12:03:44,26.5,46.7
12:03:46,26.5,46.3
12:03:48,26.5,46.2
12:03:50,26.5,46.3
12:03:52,26.4,46.4
12:03:54,27.8,88.8
12:03:56,27.4,72.7
12:03:58,26.9,64.8
12:04:00,26.8,57.2
12:04:02,26.9,54.2
12:04:04,26.8,53.1
12:04:06,26.6,50.2
12:04:08,26.4,49.8
12:04:10,26.4,48.8
12:04:12,26.5,48.9
12:04:14,26.5,48.6
12:04:16,26.4,48.3
12:04:18,26.5,47.8
12:04:20,26.5,47.3
12:04:22,26.5,46.8
12:04:24,26.4,46.4
12:04:26,26.5,46.1
12:04:28,26.4,45.9
12:04:30,26.5,45.9
12:04:32,26.5,45.7
12:04:34,26.5,45.5
12:04:36,26.5,45.3
12:04:38,26.5,45.4
12:04:40,26.5,45.6
12:04:42,26.5,45.7
12:04:44,26.5,45.7
12:04:46,26.5,45.6
12:04:48,26.5,45.7
12:04:50,26.5,45.8
12:04:52,26.5,45.9
12:04:54,26.5,46.0
12:04:56,26.4,45.9
12:04:58,26.5,46.0
12:05:00,26.5,46.1
12:05:02,26.5,46.5
12:05:04,26.5,47.1
12:05:06,26.5,47.5
12:05:08,26.5,47.5
12:05:10,26.5,47.5
12:05:12,26.5,47.5
12:05:14,26.5,47.4
12:05:16,26.4,47.0
12:05:18,26.5,46.7
12:05:20,26.5,46.4
12:05:22,26.4,46.3
12:05:24,26.4,46.4
12:05:26,26.5,46.3
12:05:28,26.5,46.1
12:05:30,26.5,46.0
12:05:32,26.5,45.9
12:05:34,26.5,45.9
12:05:36,26.5,45.8
12:05:38,26.5,45.9
12:05:40,26.5,46.3
12:05:42,27.3,90.0
12:05:44,26.7,66.2
12:05:46,26.6,55.6
12:05:48,26.6,50.7
12:05:50,26.6,48.5
12:05:52,26.5,46.4
12:05:54,26.5,46.1
12:05:56,26.5,46.0
12:05:58,26.5,45.7
12:06:00,26.5,45.8
12:06:02,26.5,45.9
12:06:04,26.5,46.0
12:06:06,26.5,46.2
12:06:08,26.5,46.3
12:06:10,26.5,46.4
12:06:12,26.5,46.6
12:06:14,26.5,47.1
12:06:16,26.5,47.5
12:06:18,26.5,48.2
12:06:20,26.5,48.0
12:06:22,26.5,47.7
12:06:24,26.5,47.3
12:06:26,26.5,47.1
12:06:28,26.5,46.9
12:06:30,26.5,46.8
12:06:32,26.5,46.8
12:06:34,26.5,46.4
12:06:36,26.5,46.2
12:06:38,26.5,46.1
12:06:40,26.5,46.1
12:06:42,26.5,45.9
12:06:44,26.5,45.7
12:06:46,26.5,45.6
12:06:48,26.4,45.4
12:06:50,26.4,45.2
12:06:52,26.5,45.2
12:06:54,26.5,45.3
12:06:56,26.4,45.6
12:06:58,26.5,45.8
12:07:00,26.5,46.3
12:07:02,26.4,46.5
12:07:04,26.4,46.3
12:07:06,26.5,46.2
12:07:08,26.4,46.1
12:07:10,26.5,46.1
12:07:12,26.4,45.9
12:07:14,26.5,45.7
12:07:16,26.5,45.4
12:07:18,26.5,45.3
12:07:20,26.4,45.2
12:07:22,26.4,45.2
12:07:24,26.5,45.4
12:07:26,26.5,45.6
12:07:28,26.5,45.7
12:07:30,26.5,45.7
12:07:32,26.5,45.6
12:07:34,26.5,45.5
12:07:36,26.5,45.3
12:07:38,26.4,45.2
12:07:40,26.5,45.3
12:07:42,26.5,45.3
12:07:44,26.4,45.4
12:07:46,26.5,45.5
12:07:48,26.5,45.3
12:07:50,26.5,45.3
12:07:52,26.4,45.2
12:07:54,26.5,45.3
12:07:56,26.4,45.2
12:07:58,26.4,45.3
12:08:00,26.5,45.5
12:08:02,26.5,45.4
12:08:04,26.5,45.5
12:08:06,26.5,45.7
12:08:08,26.5,45.9
12:08:10,26.4,45.9
12:08:12,26.5,45.9
12:08:14,26.5,46.1
12:08:16,26.5,46.2
12:08:18,26.5,46.9
12:08:20,26.5,46.9
12:08:22,26.4,46.6
12:08:24,26.5,46.5
12:08:26,26.5,46.4
12:08:28,26.5,46.1
12:08:30,26.5,45.8
12:08:32,26.5,45.5
12:08:34,26.5,45.3
12:08:36,26.4,45.0
12:08:38,26.5,44.8
12:08:40,26.4,44.5
12:08:42,26.4,44.4
12:08:44,26.4,44.3
12:08:46,26.4,44.4
12:08:48,26.4,44.4
12:08:50,26.4,44.6
12:08:52,26.3,44.5
12:08:54,26.4,44.7
12:08:56,26.3,44.4
12:08:58,26.3,44.6
12:09:00,26.3,44.6
12:09:02,26.2,44.8
12:09:04,26.3,47.5
12:09:06,26.2,50.5
12:09:08,26.4,54.9
12:09:10,26.4,58.6
12:09:12,26.3,61.0
12:09:14,26.1,64.3
12:09:16,26.2,67.2
12:09:18,26.2,69.9
12:09:20,26.1,72.8
12:09:22,26.2,74.3
12:09:24,26.1,77.5
12:09:26,26.2,79.6
12:09:28,26.1,81.2
12:09:30,26.1,83.1
12:09:32,26.1,84.6
12:09:34,26.1,84.7
12:09:36,26.1,86.5
12:09:38,26.1,87.0
12:09:40,25.9,86.6
12:09:42,26.0,86.7
12:09:44,26.2,86.8
12:09:46,25.9,85.5
12:09:48,26.1,85.9
12:09:50,26.0,84.2
12:09:52,26.2,83.1
12:09:54,25.9,81.1
12:09:56,25.9,80.0
12:09:58,26.1,77.5
12:10:00,26.0,75.3
12:10:02,25.9,72.9
12:10:04,25.9,70.1
12:10:06,26.0,66.4
12:10:08,25.9,63.8
12:10:10,25.9,61.1
12:10:12,25.8,58.6
12:10:14,26.0,54.4
12:10:16,25.8,51.2
12:10:18,25.9,48.0
12:10:20,26.0,44.4
12:10:22,25.9,44.4
12:10:24,25.9,44.4
12:10:26,25.9,44.4
12:10:28,25.9,44.5
12:10:30,25.9,44.6
12:10:32,25.9,44.8
12:10:34,25.9,44.7
12:10:36,25.9,44.7
12:10:38,25.9,44.5
12:10:40,25.9,44.5
12:10:42,25.9,44.5
12:10:44,25.9,44.5
12:10:46,26.0,44.5
12:10:48,28.1,75.7
12:10:50,27.4,68.0
12:10:52,27.1,61.1
12:10:54,26.7,56.8
12:10:56,26.5,53.5
12:10:58,26.4,51.6
12:11:00,26.3,49.0
12:11:02,25.9,44.6
12:11:04,25.9,44.6
12:11:06,25.8,44.7
12:11:08,25.9,44.0
12:11:10,25.8,47.3
12:11:12,26.0,48.7
12:11:14,26.0,50.8
12:11:16,25.8,53.2
12:11:18,25.9,53.8
12:11:20,25.6,56.1
12:11:22,25.9,57.7
12:11:24,25.7,59.1
12:11:26,25.9,60.9
12:11:28,25.8,62.0
12:11:30,25.9,63.5
12:11:32,25.7,65.1
12:11:34,25.8,64.8
12:11:36,25.6,66.1
12:11:38,25.9,67.4
12:11:40,25.8,67.1
12:11:42,25.9,68.3
12:11:44,26.0,67.4
12:11:46,25.9,67.9
12:11:48,25.7,68.4
12:11:50,25.9,67.5
12:11:52,25.9,66.8
12:11:54,26.0,67.0
12:11:56,25.9,67.1
12:11:58,25.9,66.4
12:12:00,25.8,65.7
12:12:02,25.8,64.5
12:12:04,26.0,63.5
12:12:06,26.0,62.7
12:12:08,25.9,61.5
12:12:10,26.0,60.0
12:12:12,26.0,58.5
12:12:14,26.2,56.5
12:12:16,25.8,55.6
12:12:18,25.9,54.0
12:12:20,26.0,52.7
12:12:22,26.0,50.0
12:12:24,26.1,48.5
12:12:26,26.1,45.0
12:12:28,26.0,45.0
12:12:30,26.0,44.8
12:12:32,26.1,44.7
12:12:34,26.1,44.5
12:12:36,26.1,44.7
12:12:38,26.1,44.8
12:12:40,26.1,44.8
12:12:42,26.1,44.6
12:12:44,26.1,44.5
12:12:46,26.1,44.4
12:12:48,26.1,44.6
12:12:50,26.1,44.6
12:12:52,26.1,44.6
12:12:54,26.1,44.6
12:12:56,26.1,44.6
12:12:58,26.1,44.6
12:13:00,26.1,44.6
12:13:02,26.1,44.6
12:13:04,26.1,45.0
12:13:06,26.1,45.1
12:13:08,26.1,45.2
12:13:10,26.1,45.2
12:13:12,26.0,45.2
12:13:14,26.0,45.2
12:13:16,26.0,45.2
12:13:18,26.0,45.2
12:13:20,26.1,45.3
12:13:22,26.1,45.2
12:13:24,26.0,45.2
12:13:26,26.0,45.2
12:13:28,26.1,45.1
12:13:30,26.1,45.1
12:13:32,26.0,45.0
12:13:34,26.0,44.9
12:13:36,26.0,44.8
12:13:38,26.0,44.9
12:13:40,26.0,44.8
12:13:42,26.0,44.8
12:13:44,26.0,44.7
12:13:46,26.0,44.7
12:13:48,26.0,44.8
12:13:50,7.2,82.1
12:13:52,25.9,45.5
12:13:54,26.0,45.7
12:13:56,25.9,46.5
12:13:58,25.9,45.5
12:14:00,26.0,45.4
12:14:02,26.0,45.1
12:14:04,26.0,45.0
12:14:06,25.9,44.6
12:14:08,25.9,44.4
12:14:10,25.9,44.3
12:14:12,25.9,44.4
12:14:14,25.9,44.6
12:14:16,25.8,44.6
12:14:18,25.8,44.4
12:14:20,25.8,44.6
12:14:22,25.8,44.5
12:14:24,25.8,44.8
12:14:26,25.7,44.6
12:14:28,25.7,44.9
12:14:30,25.7,45.0
12:14:32,25.7,45.3
12:14:34,25.7,45.5
12:14:36,25.7,45.5
12:14:38,25.7,45.4
12:14:40,25.7,45.0
12:14:42,25.7,45.5
12:14:44,25.7,45.7
12:14:46,25.7,45.8
12:14:48,25.7,46.0
12:14:50,25.7,45.9
12:14:52,25.7,45.8
12:14:54,25.7,45.7
12:14:56,25.7,45.7
12:14:58,25.7,45.7
12:15:00,25.7,45.7
12:15:02,25.7,45.9
12:15:04,25.7,45.7
12:15:06,25.8,45.9
12:15:08,25.8,46.0
12:15:10,25.8,46.1
12:15:12,25.8,46.0
12:15:14,25.7,46.0
12:15:16,25.8,45.9
12:15:18,25.8,45.9
12:15:20,25.8,45.8
12:15:22,25.8,45.7
12:15:24,25.8,45.9
12:15:26,25.8,45.9
12:15:28,25.8,45.9
12:15:30,25.8,45.9
12:15:32,25.8,46.0
12:15:34,25.8,46.2
12:15:36,25.8,45.9
12:15:38,25.8,45.8
12:15:40,25.8,45.5
12:15:42,25.8,45.0
12:15:44,25.8,44.8
12:15:46,25.8,45.0
12:15:48,25.8,45.0
12:15:50,25.8,44.8
12:15:52,25.8,44.8
12:15:54,25.8,44.7
12:15:56,25.8,44.5
12:15:58,25.9,44.5
12:16:00,25.8,44.4
12:16:02,25.8,35.3
12:16:04,25.8,44.5
12:16:06,25.9,44.8
12:16:08,25.8,44.8
12:16:10,25.9,44.9
12:16:12,25.9,45.1
12:16:14,25.9,45.3
12:16:16,25.9,45.3
12:16:18,25.9,45.3
12:16:20,25.9,45.3
12:16:22,25.9,45.5
12:16:24,25.9,45.4
12:16:26,25.9,45.5
12:16:28,28.3,72.9
12:16:30,27.5,65.4
12:16:32,27.1,59.0
12:16:34,26.5,53.4
12:16:36,26.3,51.8
12:16:38,26.3,50.4
12:16:40,25.9,45.3
12:16:42,25.9,45.4
12:16:44,25.9,45.5
12:16:46,25.9,45.5
12:16:48,25.9,45.5
12:16:50,25.8,45.4
12:16:52,25.8,45.7
12:16:54,25.9,45.7
12:16:56,25.9,45.5
12:16:58,25.9,45.8
12:17:00,25.9,46.4
12:17:02,25.9,46.2
12:17:04,25.9,45.9
12:17:06,25.9,45.7
12:17:08,25.9,45.7
12:17:10,25.9,45.9
12:17:12,25.9,45.7
12:17:14,25.9,45.5
12:17:16,25.9,45.4
12:17:18,25.9,45.3
12:17:20,26.0,45.3
12:17:22,25.9,45.2
12:17:24,25.9,45.0
12:17:26,25.9,45.0
12:17:28,26.0,45.1
12:17:30,26.0,45.0
12:17:32,25.9,44.8
12:17:34,25.9,44.8
12:17:36,26.0,44.5
12:17:38,25.9,44.4
12:17:40,25.9,44.5
12:17:42,25.9,44.4
12:17:44,25.9,44.4
12:17:46,25.9,44.3
12:17:48,25.9,44.3
12:17:50,25.9,44.3
12:17:52,25.8,61.2
12:17:54,25.9,44.1
12:17:56,25.8,43.8
12:17:58,25.8,44.2
12:18:00,16.7,61.1
12:18:02,25.8,44.5
12:18:04,25.8,44.5
12:18:06,25.8,44.4
12:18:08,25.8,44.2
12:18:10,25.9,44.3
12:18:12,25.9,44.3
12:18:14,25.8,44.2
12:18:16,25.8,44.2
12:18:18,25.8,44.2
12:18:20,25.8,44.2
12:18:22,25.8,44.2
12:18:24,25.8,44.2
12:18:26,25.8,44.2
12:18:28,25.8,44.1
12:18:30,25.8,43.9
12:18:32,25.7,43.6
12:18:34,25.8,43.9
12:18:36,25.7,43.9
12:18:38,25.7,44.1
12:18:40,25.7,44.1
12:18:42,25.7,44.0
12:18:44,25.7,43.8
12:18:46,25.7,43.9
12:18:48,25.8,43.8
12:18:50,25.8,43.9
12:18:52,25.8,44.0
12:18:54,25.8,44.0
12:18:56,26.0,76.1
12:18:58,26.0,76.9
12:19:00,25.8,44.2
12:19:02,25.8,44.3
12:19:04,25.8,44.5
12:19:06,25.8,44.7
12:19:08,25.9,44.7
12:19:10,25.8,44.8
12:19:12,25.9,44.8
12:19:14,25.9,44.7
12:19:16,25.9,44.6
12:19:18,25.9,44.5
12:19:20,26.0,44.6
12:19:22,25.9,24.0
12:19:24,26.0,24.2
12:19:26,26.0,44.6
12:19:28,26.0,44.6
12:19:30,26.0,44.7
12:19:32,26.0,44.8
12:19:34,26.0,44.8
12:19:36,26.0,44.8
12:19:38,26.0,44.7
12:19:40,26.0,44.7
12:19:42,26.0,44.5
12:19:44,26.0,44.5
12:19:46,26.0,44.7
12:19:48,26.0,44.7
12:19:50,26.0,44.7
12:19:52,11.3,71.7
12:19:54,11.5,86.2
12:19:56,26.1,45.0
12:19:58,26.1,45.0
12:20:00,26.1,45.0
12:20:02,26.1,44.9
12:20:04,26.1,44.8
12:20:06,26.1,44.8
12:20:08,26.1,44.8
12:20:10,26.1,44.9
12:20:12,26.1,44.8
12:20:14,26.0,58.4
12:20:16,26.2,58.9
12:20:18,26.1,44.7
12:20:20,26.1,44.7
12:20:22,26.1,44.6
12:20:24,26.1,44.1
12:20:26,26.1,44.0
12:20:28,26.1,43.9
12:20:30,26.1,43.9
12:20:32,26.0,43.9
12:20:34,26.0,43.9
12:20:36,26.0,43.8
12:20:38,26.0,43.9
12:20:40,26.0,44.1
12:20:42,26.0,44.2
12:20:44,17.5,62.7
12:20:46,18.3,72.4
12:20:48,26.0,44.3
12:20:50,25.8,90.0
12:20:52,26.1,44.3
12:20:54,26.1,44.3
12:20:56,26.1,43.6
12:20:58,26.1,52.2
12:21:00,26.3,60.1
12:21:02,26.1,66.1
12:21:04,25.8,72.3
12:21:06,26.1,75.5
12:21:08,26.3,78.3
12:21:10,26.2,79.3
12:21:12,26.2,78.8
12:21:14,26.1,75.4
12:21:16,26.2,72.5
12:21:18,26.1,66.5
12:21:20,26.1,60.5
12:21:22,26.0,51.4
12:21:24,26.1,44.3
12:21:26,26.2,44.0
12:21:28,26.1,43.9
12:21:30,26.2,44.0
12:21:32,26.2,44.0
12:21:34,26.1,43.9
12:21:36,26.1,44.0
12:21:38,26.1,44.1
12:21:40,26.1,44.2
12:21:42,26.1,44.3
12:21:44,26.1,44.4
12:21:46,26.1,44.5
12:21:48,26.1,44.4
12:21:50,26.1,44.3
12:21:52,26.1,44.1
12:21:54,26.1,44.2
12:21:56,26.1,44.0
12:21:58,26.1,43.9
12:22:00,26.1,44.0
12:22:02,26.0,43.9
12:22:04,26.1,44.1
12:22:06,26.0,44.0
12:22:08,26.0,44.0
12:22:10,26.0,44.1
12:22:12,26.0,44.2
12:22:14,26.0,44.3
12:22:16,26.0,44.2
12:22:18,26.0,44.0
12:22:20,26.0,44.1
12:22:22,26.0,44.0
12:22:24,25.9,43.9
12:22:26,26.0,44.0
12:22:28,26.2,72.1
12:22:30,26.2,71.7
12:22:32,26.0,43.9
12:22:34,26.0,43.9
12:22:36,26.0,43.8
12:22:38,26.0,43.9
12:22:40,26.0,43.9
12:22:42,26.0,43.9
12:22:44,26.0,44.0
12:22:46,26.0,43.9
12:22:48,25.9,43.8
12:22:50,25.9,43.8
12:22:52,25.8,28.9
12:22:54,26.0,27.0
12:22:56,25.9,44.0
12:22:58,26.0,44.0
12:23:00,26.0,44.2
12:23:02,25.9,44.1
12:23:04,25.9,44.1
12:23:06,25.9,44.2
12:23:08,25.9,44.3
12:23:10,25.9,44.4
12:23:12,25.9,44.5
12:23:14,26.0,44.3
12:23:16,25.9,44.3
12:23:18,25.9,56.8
12:23:20,25.9,44.4
12:23:22,25.9,44.0
12:23:24,25.9,43.8
12:23:26,26.0,43.8
12:23:28,26.0,43.7
12:23:30,25.9,43.6
12:23:32,25.9,43.6
12:23:34,25.9,43.6
12:23:36,25.9,43.6
12:23:38,25.9,43.6
12:23:40,25.9,43.8
12:23:42,25.9,43.8
12:23:44,25.9,43.9
12:23:46,25.9,44.1
12:23:48,25.9,44.2
12:23:50,25.9,44.3
12:23:52,25.8,44.3
12:23:54,25.8,44.4
12:23:56,25.8,44.6
12:23:58,25.8,44.6
12:24:00,25.9,44.7
12:24:02,25.9,44.8
12:24:04,25.9,44.8
12:24:06,25.9,44.7
12:24:08,25.9,44.8
12:24:10,25.9,44.8
12:24:12,25.9,44.8
12:24:14,25.9,44.8
12:24:16,26.0,44.8
12:24:18,26.0,44.7
12:24:20,26.0,44.5
12:24:22,26.0,44.4
12:24:24,26.0,44.4
12:24:26,26.0,44.1
12:24:28,26.0,44.0
12:24:30,26.0,44.2
12:24:32,26.0,43.9
12:24:34,26.0,43.8
12:24:36,26.0,43.7
12:24:38,26.0,43.5
12:24:40,26.0,43.5
12:24:42,26.0,43.6
12:24:44,26.0,43.8
12:24:46,26.0,43.8
12:24:48,26.0,43.7
12:24:50,26.0,43.8
12:24:52,26.0,43.8
12:24:54,26.0,43.7
12:24:56,26.0,43.6
12:24:58,26.0,43.5
12:25:00,26.0,43.5
12:25:02,26.0,43.5
12:25:04,25.9,43.6
12:25:06,25.9,43.7
12:25:08,25.9,43.8
12:25:10,25.9,43.6
12:25:12,25.9,43.5
12:25:14,25.9,43.4
12:25:16,25.9,43.3
12:25:18,25.9,43.5
12:25:20,25.9,43.6
12:25:22,25.9,43.6
12:25:24,25.9,43.6
12:25:26,25.9,43.6
12:25:28,25.9,43.6
12:25:30,25.9,43.6
12:25:32,25.9,43.6
12:25:34,25.9,43.6
12:25:36,25.9,43.6
12:25:38,25.9,43.6
12:25:40,25.9,44.6
12:25:42,25.9,44.6
12:25:44,25.9,44.5
12:25:46,25.9,44.4
12:25:48,25.9,44.2
12:25:50,25.9,44.3
12:25:52,25.9,44.4
12:25:54,25.9,44.5
12:25:56,25.9,44.5
12:25:58,25.9,44.6
12:26:00,25.9,44.7
12:26:02,25.9,44.8
12:26:04,25.9,44.8
12:26:06,25.9,44.9
12:26:08,25.9,44.8
12:26:10,25.9,44.8
12:26:12,25.9,44.6
12:26:14,25.9,44.6
12:26:16,25.9,44.7
12:26:18,25.9,44.8
12:26:20,25.9,44.9
12:26:22,25.8,44.8
12:26:24,25.8,44.8
12:26:26,25.8,44.8
12:26:28,25.8,44.9
12:26:30,25.8,44.8
12:26:32,25.8,44.8
12:26:34,25.8,45.0
12:26:36,25.8,44.9
12:26:38,25.8,45.1
12:26:40,25.8,45.1
12:26:42,25.8,45.2
12:26:44,25.9,45.2
12:26:46,25.9,45.2
12:26:48,25.9,45.1
12:26:50,25.9,45.1
12:26:52,25.9,45.1
12:26:54,25.9,45.0
12:26:56,25.9,45.0
12:26:58,25.9,45.2
12:27:00,25.9,45.2
12:27:02,25.9,45.1
12:27:04,25.9,45.1
12:27:06,25.9,45.1
12:27:08,25.9,45.1
12:27:10,25.9,45.1
12:27:12,25.9,45.0
12:27:14,25.9,45.3
12:27:16,25.9,45.5
12:27:18,25.8,45.5
12:27:20,25.8,45.7
12:27:22,25.8,46.1
12:27:24,25.8,46.2
12:27:26,25.8,46.5
12:27:28,25.8,46.7
12:27:30,25.8,46.8
12:27:32,25.7,46.6
12:27:34,25.7,46.7
12:27:36,25.8,46.6
12:27:38,25.8,46.4
12:27:40,25.7,46.2
12:27:42,25.8,46.2
12:27:44,25.7,46.2
12:27:46,25.8,46.1
12:27:48,25.8,46.0
12:27:50,25.8,46.0
12:27:52,25.8,46.3
12:27:54,25.7,46.3
12:27:56,25.8,46.7
12:27:58,25.8,46.9
12:28:00,25.7,46.8
12:28:02,25.7,46.9
12:28:04,25.7,46.9
12:28:06,25.7,46.9
12:28:08,25.7,46.8
12:28:10,25.7,46.7
12:28:12,25.7,46.5
12:28:14,25.7,46.4
12:28:16,25.7,46.3
12:28:18,25.7,46.2
12:28:20,25.7,46.3
12:28:22,25.7,46.3
12:28:24,25.7,46.3
12:28:26,25.7,46.3
12:28:28,25.7,46.2
12:28:30,25.7,45.9
12:28:32,25.7,45.7
12:28:34,25.7,45.7
12:28:36,25.7,45.7
12:28:38,25.7,45.7
12:28:40,26.7,80.1
12:28:42,26.4,73.3
12:28:44,26.3,66.2
12:28:46,26.3,62.3
12:28:48,26.1,58.9
12:28:50,26.0,56.2
12:28:52,25.8,53.4
12:28:54,25.8,50.5
12:28:56,26.2,49.3
12:28:58,25.7,45.1
12:29:00,25.7,45.1
12:29:02,25.7,45.2
12:29:04,25.7,45.6
12:29:06,25.7,45.9
12:29:08,25.7,46.1
12:29:10,25.7,46.2
12:29:12,25.7,46.0
12:29:14,25.8,46.1
12:29:16,25.8,46.0
12:29:18,25.8,45.9
12:29:20,25.8,45.9
12:29:22,25.8,45.7
12:29:24,25.8,45.6
12:29:26,25.8,45.6
12:29:28,25.8,45.4
12:29:30,25.8,45.5
12:29:32,25.7,45.3
12:29:34,25.7,45.8
12:29:36,25.8,46.0
12:29:38,25.7,46.1
12:29:40,25.8,46.6
12:29:42,25.8,46.8
12:29:44,25.8,47.0
12:29:46,25.7,46.9
12:29:48,25.7,46.8
12:29:50,25.7,47.0
12:29:52,25.7,46.9
12:29:54,25.8,47.2
12:29:56,25.7,47.1
12:29:58,25.7,46.9
12:30:00,25.7,46.7
12:30:02,25.8,46.8
12:30:04,25.8,46.7
12:30:06,25.8,46.7
12:30:08,25.8,46.6
12:30:10,25.8,46.5
12:30:12,25.9,46.7
12:30:14,25.9,46.7
12:30:16,25.9,46.5
12:30:18,25.9,46.4
12:30:20,26.0,46.3
12:30:22,25.9,46.2
12:30:24,26.0,46.3
12:30:26,26.0,46.3
12:30:28,26.0,46.2
12:30:30,26.0,46.1
12:30:32,26.0,46.1
12:30:34,26.0,46.2
12:30:36,26.0,46.2
12:30:38,26.2,71.7
12:30:40,26.0,46.1
12:30:42,26.0,46.3
12:30:44,26.0,46.4
12:30:46,25.9,83.0
12:30:48,26.0,46.5
12:30:50,26.0,46.5
12:30:52,26.0,46.7
12:30:54,26.0,46.7
12:30:56,26.0,46.7
12:30:58,34.7,20.0
12:31:00,35.0,24.4
12:31:02,26.0,46.3
12:31:04,26.0,46.1
12:31:06,26.1,46.0
12:31:08,26.1,46.4
12:31:10,26.1,46.4
12:31:12,26.1,46.2
12:31:14,26.1,45.9
12:31:16,26.1,46.0
12:31:18,26.1,47.4
12:31:20,26.1,46.6
12:31:22,26.1,46.4
12:31:24,26.1,46.3
12:31:26,26.1,46.2
12:31:28,26.1,46.2
12:31:30,26.1,46.2
12:31:32,26.1,46.2
12:31:34,26.1,46.2
12:31:36,26.1,46.2
12:31:38,26.1,46.2
12:31:40,26.1,46.2
12:31:42,26.1,45.8
12:31:44,26.2,45.8
12:31:46,26.1,45.6
12:31:48,26.1,45.4
12:31:50,26.1,45.5
12:31:52,26.1,45.3
12:31:54,26.1,45.2
12:31:56,26.1,44.6
12:31:58,26.1,44.2
12:32:00,26.1,44.1
12:32:02,26.1,44.4
12:32:04,26.1,44.6
12:32:06,26.0,44.7
12:32:08,26.1,44.9
12:32:10,26.0,44.9
12:32:12,26.0,45.1
12:32:14,26.0,45.4
12:32:16,12.5,87.0
12:32:18,12.4,88.2
12:32:20,26.0,45.8
12:32:22,26.0,45.7
12:32:24,26.0,45.4
12:32:26,26.0,45.2
12:32:28,26.0,45.2
12:32:30,26.0,45.2
12:32:32,26.0,45.2
12:32:34,26.0,45.4
12:32:36,26.0,45.4
12:32:38,26.0,45.5
12:32:40,25.9,45.4
12:32:42,25.9,45.1
12:32:44,25.9,45.1
12:32:46,25.9,45.5
12:32:48,25.9,45.9
12:32:50,25.8,46.3
12:32:52,25.8,46.4
12:32:54,26.0,28.0
12:32:56,25.8,46.5
12:32:58,25.8,46.5
12:33:00,25.8,46.7
12:33:02,25.8,46.7
12:33:04,25.8,46.8
12:33:06,25.7,46.9
12:33:08,25.7,47.2
12:33:10,25.7,47.2
12:33:12,25.7,47.3
12:33:14,25.7,47.3
12:33:16,25.7,47.3
12:33:18,25.7,47.4
12:33:20,25.7,47.0
12:33:22,25.7,46.9
12:33:24,25.7,47.0
12:33:26,25.7,46.9
12:33:28,25.7,47.0
12:33:30,25.7,46.9
12:33:32,25.7,47.2
12:33:34,25.7,47.3
12:33:36,25.7,47.7
12:33:38,25.7,47.7
12:33:40,25.7,47.6
12:33:42,25.7,47.8
12:33:44,25.7,47.9
12:33:46,25.7,48.1
12:33:48,25.7,48.0
12:33:50,25.7,48.0
12:33:52,25.3,57.0
12:33:54,25.2,57.0
12:33:56,25.2,57.0
12:33:58,25.2,57.0
12:34:00,25.2,57.3
12:34:02,25.2,57.6
12:34:04,25.2,57.7
12:34:06,27.4,79.1
12:34:08,26.9,72.6
12:34:10,26.4,67.8
12:34:12,26.1,63.4
12:34:14,25.4,63.2
12:34:16,25.1,63.3
12:34:18,25.0,62.1
12:34:20,24.9,62.4
12:34:22,24.7,60.3
12:34:24,24.8,60.2
12:34:26,24.8,59.7
12:34:28,24.8,59.7
12:34:30,24.8,59.8
12:34:32,24.9,60.0
12:34:34,24.9,59.9
12:34:36,24.9,59.8
12:34:38,24.9,59.4
12:34:40,24.9,59.6
12:34:42,24.9,59.7
12:34:44,24.9,59.7
12:34:46,24.9,59.6
12:34:48,25.0,59.4
12:34:50,25.0,59.2
12:34:52,30.0,42.1
12:34:54,30.0,44.5
12:34:56,25.0,58.6
12:34:58,25.0,58.5
12:35:00,25.1,59.0
12:35:02,25.1,58.9
12:35:04,25.1,58.6
12:35:06,25.1,58.6
12:35:08,25.2,58.3
12:35:10,25.2,58.8
12:35:12,25.4,58.3
12:35:14,25.3,58.0
12:35:16,25.3,58.0
12:35:18,25.4,58.1
12:35:20,25.3,57.7
12:35:22,25.4,57.6
12:35:24,25.4,57.4
12:35:26,25.4,57.2
12:35:28,25.4,57.2
12:35:30,25.4,57.0
12:35:32,25.5,57.1
12:35:34,25.5,57.1
12:35:36,25.5,56.9
12:35:38,25.5,56.8
12:35:40,25.6,56.0
12:35:42,25.6,55.9
12:35:44,25.6,55.7
12:35:46,25.6,55.5
12:35:48,25.6,55.3
12:35:50,25.6,55.2
12:35:52,25.7,55.2
12:35:54,25.6,55.1
12:35:56,25.6,55.0
12:35:58,25.6,54.8
12:36:00,25.6,54.8
12:36:02,25.7,54.7
12:36:04,25.7,54.7
12:36:06,25.7,54.7
12:36:08,25.7,54.6
12:36:10,25.7,54.5
12:36:12,25.7,54.5
12:36:14,25.7,54.4
12:36:16,25.7,54.4
12:36:18,25.7,54.3
12:36:20,25.7,54.2
12:36:22,25.7,54.1
12:36:24,25.7,54.1
12:36:26,25.8,54.2
12:36:28,25.8,54.1
12:36:30,25.8,54.1
12:36:32,25.8,54.0
12:36:34,25.8,53.9
12:36:36,25.8,53.9
12:36:38,25.8,53.8
12:36:40,25.8,53.8
12:36:42,25.8,53.7
12:36:44,25.8,53.7
12:36:46,25.8,53.7
12:36:48,25.8,53.6
12:36:50,25.8,53.5
12:36:52,25.8,53.5
12:36:54,25.8,53.4
12:36:56,25.8,53.4
12:36:58,25.7,53.9
12:37:00,25.7,51.0
12:37:02,25.9,50.8
12:37:04,25.9,48.3
12:37:06,25.8,48.4
12:37:08,25.7,47.6
12:37:10,25.9,46.1
12:37:12,26.1,44.8
12:37:14,25.9,43.6
12:37:16,25.7,43.2
12:37:18,25.7,41.9
12:37:20,26.0,42.1
12:37:22,25.9,40.2
12:37:24,25.7,40.9
12:37:26,25.9,40.9
12:37:28,25.9,40.1
12:37:30,26.1,40.0
12:37:32,26.0,41.2
12:37:34,26.0,40.7
12:37:36,25.7,42.5
12:37:38,25.8,42.5
12:37:40,26.1,42.5
12:37:42,26.1,43.3
12:37:44,26.0,45.4
12:37:46,26.0,46.3
12:37:48,26.0,47.2
12:37:50,26.0,48.0
12:37:52,25.9,49.7
12:37:54,26.2,50.2
12:37:56,26.0,51.6
12:37:58,26.0,52.8
12:38:00,26.0,52.8
12:38:02,26.0,52.7
12:38:04,26.0,52.7
12:38:06,26.0,52.6
12:38:08,26.0,52.6
12:38:10,26.0,52.6
12:38:12,26.0,52.6
12:38:14,26.0,52.6
12:38:16,26.0,52.6
12:38:18,25.9,52.6
12:38:20,25.9,52.6
12:38:22,26.0,52.9
12:38:24,25.9,53.6
12:38:26,26.0,54.7
12:38:28,26.0,54.2
12:38:30,26.0,53.8
12:38:32,26.0,53.5
12:38:34,26.0,53.5
12:38:36,26.0,53.7
12:38:38,26.0,53.4
12:38:40,25.9,53.2
12:38:42,25.9,53.2
12:38:44,25.9,53.2
12:38:46,26.0,53.6
12:38:48,25.9,53.8
12:38:50,25.9,53.8
12:38:52,25.9,53.8
12:38:54,25.8,53.8
12:38:56,25.9,53.8
12:38:58,25.9,53.8
12:39:00,25.8,53.8
12:39:02,25.8,53.9
12:39:04,25.8,54.2
12:39:06,25.8,54.4
12:39:08,25.8,54.2
12:39:10,25.8,54.3
12:39:12,28.1,85.6
12:39:14,26.7,72.2
12:39:16,26.3,62.9
12:39:18,26.1,59.6
12:39:20,25.9,57.4
12:39:22,25.7,54.1
12:39:24,25.6,54.0
12:39:26,25.6,54.1
12:39:28,25.6,54.2
12:39:30,25.6,54.4
12:39:32,25.6,54.7
12:39:34,25.5,54.4
12:39:36,25.5,54.4
12:39:38,25.5,54.5
12:39:40,25.6,54.7
12:39:42,25.6,51.4
12:39:44,25.2,48.2
12:39:46,25.2,46.0
12:39:48,25.4,42.6
12:39:50,25.0,40.6
12:39:52,25.4,37.7
12:39:54,25.2,35.7
12:39:56,25.2,32.7
12:39:58,25.1,30.5
12:40:00,25.1,29.3
12:40:02,25.1,28.7
12:40:04,25.2,26.4
12:40:06,25.0,25.9
12:40:08,25.0,26.0
12:40:10,25.0,25.6
12:40:12,24.9,27.5
12:40:14,25.0,27.0
12:40:16,25.0,28.5
12:40:18,24.7,29.9
12:40:20,24.9,30.7
12:40:22,25.0,33.4
12:40:24,24.9,35.6
12:40:26,24.9,37.9
12:40:28,25.0,40.8
12:40:30,24.8,43.4
12:40:32,24.9,46.1
12:40:34,24.9,50.4
12:40:36,24.9,53.5
12:40:38,24.9,56.4
12:40:40,24.8,56.4
12:40:42,24.8,56.5
12:40:44,24.8,56.7
12:40:46,24.8,56.7
12:40:48,24.8,56.8
12:40:50,24.8,56.8
12:40:52,24.8,57.1
12:40:54,24.8,57.2
12:40:56,24.8,57.2
12:40:58,24.8,57.1
12:41:00,24.7,57.1
12:41:02,24.7,57.1
12:41:04,24.7,57.2
12:41:06,24.7,57.3
12:41:08,24.8,57.3
12:41:10,24.7,57.2
12:41:12,24.8,57.2
12:41:14,24.8,57.2
12:41:16,24.8,57.3
12:41:18,24.7,57.2
12:41:20,24.7,57.3
12:41:22,24.7,57.3
12:41:24,24.7,57.3
12:41:26,24.7,57.3
12:41:28,24.7,57.4
12:41:30,24.7,57.9
12:41:32,24.7,58.4
12:41:34,24.7,58.6
12:41:36,24.7,58.7
12:41:38,24.7,58.5
12:41:40,24.7,58.2
12:41:42,24.6,58.1
12:41:44,24.7,58.0
12:41:46,24.7,57.8
12:41:48,24.7,57.7
12:41:50,25.5,72.0
12:41:52,25.2,70.3
12:41:54,25.3,67.6
12:41:56,25.1,64.3
12:41:58,25.0,62.8
12:42:00,24.9,60.1
12:42:02,24.9,61.3
12:42:04,24.7,60.5
12:42:06,24.5,60.3
12:42:08,24.7,57.8
12:42:10,24.7,57.8
12:42:12,24.7,57.8
12:42:14,24.7,57.7
12:42:16,24.7,57.6
12:42:18,24.7,57.7
12:42:20,24.7,57.7
12:42:22,24.7,57.7
12:42:24,24.7,57.8
12:42:26,24.7,57.7
12:42:28,24.7,57.7
12:42:30,24.7,57.7
12:42:32,24.7,57.7
12:42:34,24.7,57.7
12:42:36,24.6,57.6
12:42:38,24.7,57.7
12:42:40,24.7,57.6
12:42:42,24.7,57.6
12:42:44,24.7,57.5
12:42:46,24.7,57.4
12:42:48,24.7,57.4
12:42:50,11.8,90.0
12:42:52,11.1,90.0
12:42:54,24.7,57.5
12:42:56,24.7,57.4
12:42:58,24.7,57.5
12:43:00,24.7,57.6
12:43:02,24.7,57.6
12:43:04,24.6,57.6
12:43:06,24.7,57.7
12:43:08,24.7,57.6
12:43:10,24.7,57.6
12:43:12,24.7,57.7
12:43:14,24.6,57.6
12:43:16,24.7,57.6
12:43:18,24.6,57.6
12:43:20,24.7,57.6
12:43:22,24.7,57.6
12:43:24,24.7,57.7
12:43:26,24.7,57.6
12:43:28,24.7,57.6
12:43:30,24.6,57.4
12:43:32,24.6,57.4
12:43:34,24.7,57.5
12:43:36,24.6,57.5
12:43:38,24.6,57.5
12:43:40,24.6,57.4
12:43:42,24.6,57.6
12:43:44,24.6,57.7
12:43:46,24.6,57.6
12:43:48,24.6,57.6
12:43:50,24.6,57.7
12:43:52,24.6,57.6
12:43:54,24.6,57.6
12:43:56,24.6,57.6
12:43:58,24.7,57.7
12:44:00,24.6,57.5
12:44:02,24.7,57.6
12:44:04,24.7,57.7
12:44:06,24.7,57.8
12:44:08,24.7,57.7
12:44:10,24.6,57.6
12:44:12,24.6,57.6
12:44:14,24.7,57.6
12:44:16,24.7,57.6
12:44:18,24.7,57.6
12:44:20,24.7,57.5
12:44:22,24.7,57.5
12:44:24,24.6,57.3
12:44:26,24.7,57.6
12:44:28,24.7,58.1
12:44:30,24.7,58.2
12:44:32,24.7,58.3
12:44:34,24.6,58.1
12:44:36,24.7,58.0
12:44:38,24.7,58.1
12:44:40,24.7,58.2
12:44:42,24.7,58.0
12:44:44,24.7,58.0
12:44:46,24.7,57.8
12:44:48,24.7,57.8
12:44:50,24.7,57.8
12:44:52,24.7,57.8
12:44:54,24.7,57.8
12:44:56,24.7,57.8
12:44:58,24.7,57.8
12:45:00,24.7,57.8
12:45:02,24.7,57.8
12:45:04,24.7,57.4
12:45:06,24.7,57.4
12:45:08,24.7,57.4
12:45:10,24.7,57.2
12:45:12,24.7,56.9
12:45:14,24.6,56.6
12:45:16,24.6,56.5
12:45:18,24.7,56.5
12:45:20,24.6,56.3
12:45:22,24.6,56.2
12:45:24,24.6,56.3
12:45:26,24.7,56.5
12:45:28,24.7,56.9
12:45:30,24.7,56.9
12:45:32,24.6,57.0
12:45:34,24.7,57.1
12:45:36,24.6,57.1
12:45:38,24.7,57.2
12:45:40,24.6,57.4
12:45:42,24.6,57.4
12:45:44,24.6,57.4
12:45:46,24.7,57.5
12:45:48,24.6,57.4
12:45:50,24.6,57.5
12:45:52,24.6,57.4
12:45:54,24.6,57.5
12:45:56,24.6,57.5
12:45:58,24.6,57.5
12:46:00,24.6,57.6
12:46:02,24.6,57.7
12:46:04,24.6,57.5
12:46:06,24.6,57.4
12:46:08,24.6,57.4
12:46:10,24.6,57.4
12:46:12,24.6,57.5
12:46:14,24.6,57.7
12:46:16,24.6,57.6
12:46:18,24.6,57.7
12:46:20,24.6,57.6
12:46:22,24.6,57.7
12:46:24,24.6,57.8
12:46:26,24.6,57.7
12:46:28,24.6,57.8
12:46:30,24.5,57.7
12:46:32,24.5,57.7
12:46:34,24.5,57.6
12:46:36,24.5,57.6
12:46:38,24.5,57.6
12:46:40,24.5,57.5
12:46:42,24.5,57.6
12:46:44,24.7,44.9
12:46:46,24.4,44.8
12:46:48,24.5,57.7
12:46:50,24.4,57.7
12:46:52,24.5,57.7
12:46:54,24.5,57.7
12:46:56,24.4,57.7
12:46:58,24.4,57.8
12:47:00,24.4,57.8
12:47:02,24.4,58.0
12:47:04,24.4,58.0
12:47:06,24.4,58.0
12:47:08,24.4,58.1
12:47:10,24.4,57.9
12:47:12,24.3,57.2
12:47:14,24.4,57.5
12:47:16,24.9,57.6
12:47:18,23.9,56.7
12:47:20,24.7,57.3
12:47:22,23.8,56.9
12:47:24,24.4,57.2
12:47:26,23.7,56.8
12:47:28,23.8,57.5
12:47:30,24.3,57.2
12:47:32,24.8,57.0
12:47:34,24.3,56.1
12:47:36,24.3,55.9
12:47:38,24.3,56.1
12:47:40,24.4,56.5
12:47:42,24.4,56.1
12:47:44,24.3,56.5
12:47:46,24.2,56.4
12:47:48,24.3,57.1
12:47:50,24.5,56.1
12:47:52,24.3,56.4
12:47:54,24.2,56.7
12:47:56,24.3,58.1
12:47:58,24.3,58.2
12:48:00,24.3,58.2
12:48:02,24.3,58.1
12:48:04,24.3,58.1
12:48:06,24.3,58.0
12:48:08,24.9,58.2
12:48:10,24.3,57.4
12:48:12,24.3,57.0
12:48:14,24.5,57.4
12:48:16,24.3,56.8
12:48:18,24.2,57.2
12:48:20,24.4,57.2
12:48:22,24.6,57.8
12:48:24,24.3,57.8
12:48:26,24.3,57.8
12:48:28,24.3,57.8
12:48:30,24.4,57.9
12:48:32,24.3,58.3
12:48:34,24.1,58.3
12:48:36,24.2,59.5
12:48:38,24.5,60.1
12:48:40,24.5,60.1
12:48:42,24.6,61.2
12:48:44,24.4,60.7
12:48:46,24.6,60.6
12:48:48,24.3,61.1
12:48:50,24.5,59.7
12:48:52,24.3,60.4
12:48:54,24.5,60.1
12:48:56,24.6,58.5
12:48:58,24.5,58.1
12:49:00,24.4,58.5
12:49:02,24.4,58.5
12:49:04,24.4,58.5
12:49:06,24.5,58.6
12:49:08,24.4,58.5
12:49:10,24.4,58.4
12:49:12,24.4,78.9
12:49:14,24.5,79.2
12:49:16,24.4,58.2
12:49:18,24.4,58.2
12:49:20,24.4,58.1
12:49:22,24.4,58.0
12:49:24,24.3,58.0
12:49:26,24.4,58.2
12:49:28,24.4,58.3
12:49:30,24.4,58.4
12:49:32,24.9,82.8
12:49:34,24.8,71.3
12:49:36,24.5,65.8
12:49:38,24.3,62.5
12:49:40,24.7,60.6
12:49:42,24.3,58.8
12:49:44,24.3,58.4
12:49:46,24.4,58.5
12:49:48,24.3,58.4
12:49:50,24.4,58.3
12:49:52,24.4,58.4
12:49:54,24.4,58.5
12:49:56,24.4,58.5
12:49:58,24.4,58.6
12:50:00,25.6,72.5
12:50:02,25.1,67.2
12:50:04,25.0,64.4
12:50:06,24.6,61.8
12:50:08,24.4,60.7
12:50:10,24.5,60.8
12:50:12,24.4,58.3
12:50:14,24.4,58.4
12:50:16,24.4,58.6
12:50:18,24.4,58.7
12:50:20,24.4,58.7
12:50:22,24.5,58.8
12:50:24,24.4,58.8
12:50:26,24.5,58.8
12:50:28,24.5,58.7
12:50:30,24.4,58.3
12:50:32,24.5,58.1
12:50:34,24.5,58.0
12:50:36,24.5,57.9
12:50:38,24.5,57.8
12:50:40,24.4,57.7
12:50:42,24.5,57.7
12:50:44,24.5,57.7
12:50:46,24.4,57.7
12:50:48,24.5,57.9
12:50:50,24.5,57.9
12:50:52,24.5,57.9
12:50:54,24.5,57.9
12:50:56,24.5,58.0
12:50:58,24.5,58.2
12:51:00,24.4,58.2
12:51:02,24.5,58.2
12:51:04,24.5,58.2
12:51:06,24.3,58.2
12:51:08,24.5,58.4
12:51:10,24.5,58.4
12:51:12,24.5,58.3
12:51:14,24.4,58.2
12:51:16,24.4,58.2
12:51:18,24.4,58.4
12:51:20,24.4,58.5
12:51:22,24.4,58.6
12:51:24,24.4,58.7
12:51:26,24.4,58.6
12:51:28,24.3,20.1
12:51:30,24.2,58.5
12:51:32,24.4,58.8
12:51:34,24.4,58.8
12:51:36,24.4,58.8
12:51:38,34.6,32.5
12:51:40,24.3,58.7
12:51:42,24.3,58.6
12:51:44,24.3,58.6
12:51:46,24.4,58.6
12:51:48,29.7,48.3
12:51:50,24.3,58.6
12:51:52,24.3,58.6
12:51:54,24.2,58.4
12:51:56,24.4,58.1
12:51:58,24.3,58.5
12:52:00,24.4,58.1
12:52:02,24.5,74.8
12:52:04,24.1,73.4
12:52:06,24.4,55.6
12:52:08,24.4,58.3
12:52:10,24.4,58.8
12:52:12,24.4,58.8
12:52:14,24.4,58.7
12:52:16,24.4,58.5
12:52:18,24.3,56.4
12:52:20,24.3,58.1
12:52:22,24.4,57.3
12:52:24,24.4,58.3
12:52:26,24.4,58.2
12:52:28,24.3,57.8
12:52:30,24.4,58.0
12:52:32,24.4,57.8
12:52:34,24.4,57.8
12:52:36,24.4,57.8
12:52:38,24.4,57.8
12:52:40,24.4,57.7
12:52:42,24.0,57.5
12:52:44,24.4,57.8
12:52:46,24.4,57.8
12:52:48,24.4,58.0
12:52:50,24.4,58.0
12:52:52,24.4,58.1
12:52:54,24.4,58.2
12:52:56,24.4,58.1
12:52:58,24.4,58.3
12:53:00,24.4,58.2
12:53:02,24.4,58.1
12:53:04,24.4,58.2
12:53:06,24.4,58.3
12:53:08,24.4,58.2
12:53:10,24.5,80.0
12:53:12,24.4,58.1
12:53:14,24.4,58.1
12:53:16,24.5,58.2
12:53:18,24.4,58.2
12:53:20,24.4,58.2
12:53:22,24.4,58.2
12:53:24,24.4,58.2
12:53:26,10.6,84.8
12:53:28,24.4,58.6
12:53:30,24.4,58.6
12:53:32,24.4,58.5
12:53:34,24.4,58.5
12:53:36,24.4,58.6
12:53:38,24.4,58.6
12:53:40,24.4,58.6
12:53:42,24.4,58.5
12:53:44,24.4,58.6
12:53:46,24.4,58.5
12:53:48,24.4,58.5
12:53:50,24.4,58.5
12:53:52,24.3,58.5
12:53:54,24.4,58.5
12:53:56,24.4,58.5
12:53:58,24.4,58.7
12:54:00,24.4,58.6
12:54:02,24.4,58.8
12:54:04,24.4,58.8
12:54:06,24.4,58.7
12:54:08,24.4,58.8
12:54:10,24.4,58.6
12:54:12,24.4,58.8
12:54:14,24.4,58.8
12:54:16,24.4,58.7
12:54:18,24.4,58.8
12:54:20,24.4,59.0
12:54:22,24.4,58.9
12:54:24,24.3,58.8
12:54:26,24.4,58.9
12:54:28,24.3,58.9
12:54:30,24.4,58.9
12:54:32,24.3,58.8
12:54:34,24.3,58.7
12:54:36,24.5,58.7
12:54:38,24.3,58.5
12:54:40,24.3,58.6
12:54:42,24.3,58.6
12:54:44,24.3,58.5
12:54:46,24.3,58.6
12:54:48,24.3,58.6
12:54:50,24.3,59.1
12:54:52,24.3,59.3
12:54:54,24.3,59.2
12:54:56,24.3,58.9
12:54:58,24.3,58.8
12:55:00,24.3,58.7
12:55:02,24.3,58.7
12:55:04,24.3,58.8
12:55:06,24.3,58.7
12:55:08,24.3,58.8
12:55:10,24.3,58.7
12:55:12,24.3,58.6
12:55:14,24.3,58.6
12:55:16,24.3,58.6
12:55:18,24.3,58.5
12:55:20,24.4,76.2
12:55:22,24.3,58.5
12:55:24,24.3,58.6
12:55:26,24.3,58.5
12:55:28,24.3,58.6
12:55:30,24.3,58.6
12:55:32,10.2,90.0
12:55:34,24.3,58.8
12:55:36,24.3,58.8
12:55:38,24.4,58.7
12:55:40,24.3,58.5
12:55:42,24.3,58.6
12:55:44,24.2,57.6
12:55:46,24.2,57.6
12:55:48,24.2,57.6
12:55:50,24.2,57.6
12:55:52,24.2,57.6
12:55:54,24.2,57.6
12:55:56,24.2,57.6
12:55:58,24.2,57.6
12:56:00,24.2,57.6
12:56:02,24.2,57.6
12:56:04,24.2,57.6
12:56:06,24.2,57.6
12:56:08,24.4,58.0
12:56:10,24.4,58.1
12:56:12,24.4,58.1
12:56:14,24.4,58.1
12:56:16,24.4,58.2
12:56:18,24.4,58.3
12:56:20,24.4,58.3
12:56:22,24.4,58.3
12:56:24,24.4,58.1
12:56:26,24.5,57.9
12:56:28,24.5,57.7
12:56:30,24.5,57.7
12:56:32,24.5,57.7
12:56:34,24.5,57.7
12:56:36,24.5,57.5
12:56:38,24.4,57.4
12:56:40,24.5,57.4
12:56:42,24.5,57.6
12:56:44,24.5,57.7
12:56:46,24.5,57.7
12:56:48,24.5,57.8
12:56:50,24.5,57.8
12:56:52,24.5,57.8
12:56:54,24.5,57.7
12:56:56,24.5,57.5
12:56:58,24.6,57.5
12:57:00,24.5,57.3
12:57:02,24.5,57.2
12:57:04,24.5,57.3
12:57:06,24.5,57.5
12:57:08,24.5,57.6
12:57:10,24.5,57.6
12:57:12,24.5,57.6
12:57:14,14.9,89.1
12:57:16,24.5,57.5
12:57:18,24.6,57.5
12:57:20,24.6,57.5
12:57:22,24.6,57.4
12:57:24,24.6,57.4
12:57:26,24.6,57.5
12:57:28,24.6,57.5
12:57:30,24.6,57.4
12:57:32,24.6,57.3
12:57:34,13.6,80.2
12:57:36,24.6,57.3
12:57:38,24.6,57.3
12:57:40,24.6,57.2
12:57:42,24.6,57.3
12:57:44,24.6,57.3
12:57:46,24.6,57.2
12:57:48,24.6,57.2
12:57:50,24.6,57.3
12:57:52,24.6,57.3
12:57:54,24.6,55.5
12:57:56,24.4,53.1
12:57:58,24.5,56.3
12:58:00,24.4,54.1
12:58:02,24.6,56.8
12:58:04,24.5,56.6
12:58:06,24.5,56.8
12:58:08,24.5,57.2
12:58:10,24.5,57.2
12:58:12,24.5,57.2
12:58:14,24.5,57.3
12:58:16,24.5,57.2
12:58:18,24.5,57.6
12:58:20,24.5,57.4
12:58:22,24.5,57.2
12:58:24,24.5,57.2
12:58:26,24.5,57.4
12:58:28,24.5,57.4
12:58:30,24.5,57.5
12:58:32,24.5,57.6
12:58:34,24.6,57.5
12:58:36,24.6,57.4
12:58:38,24.5,57.4
12:58:40,24.6,57.3
12:58:42,24.6,57.3
12:58:44,24.6,57.5
12:58:46,24.6,57.4
12:58:48,24.6,57.3
12:58:50,24.5,57.5
12:58:52,24.6,57.5
12:58:54,24.6,57.6
12:58:56,24.6,57.5
12:58:58,24.6,57.5
12:59:00,24.6,57.5
12:59:02,24.6,57.4
12:59:04,24.6,57.5
12:59:06,24.6,57.4
12:59:08,24.6,57.5
12:59:10,24.6,57.5
12:59:12,24.6,57.4
12:59:14,24.6,57.3
12:59:16,24.6,57.2
12:59:18,24.6,57.1
12:59:20,24.6,57.0
12:59:22,24.6,56.9
12:59:24,24.6,56.6
12:59:26,24.6,56.4
12:59:28,24.6,56.1
12:59:30,24.6,56.0
12:59:32,24.6,55.9
12:59:34,24.6,55.8
12:59:36,24.6,55.7
12:59:38,24.6,55.6
12:59:40,25.6,80.0
12:59:42,24.9,69.3
12:59:44,24.9,64.3
12:59:46,24.7,60.7
12:59:48,24.7,56.3
12:59:50,24.6,54.8
12:59:52,24.6,54.9
12:59:54,24.6,54.8
12:59:56,24.6,54.8
12:59:58,24.6,54.7
13:00:00,24.6,54.9
13:00:02,24.6,41.9
13:00:04,24.6,42.2
13:00:06,24.6,55.0
13:00:08,24.6,55.2
13:00:10,24.6,55.1
13:00:12,24.6,55.1
13:00:14,24.6,55.0
13:00:16,24.6,69.4
13:00:18,24.8,71.6
13:00:20,24.6,55.0
13:00:22,24.7,55.0
13:00:24,24.7,54.9
13:00:26,24.7,55.5
13:00:28,24.7,55.6
13:00:30,24.7,55.6
13:00:32,24.7,55.6
13:00:34,24.7,55.3
13:00:36,24.7,54.6
13:00:38,24.7,55.1
13:00:40,24.7,54.9
13:00:42,24.7,54.9
13:00:44,24.7,54.9
13:00:46,24.7,54.8
13:00:48,24.7,54.9
13:00:50,24.7,55.0
13:00:52,24.8,54.9
13:00:54,24.8,54.9
13:00:56,24.8,54.9
13:00:58,24.8,54.6
13:01:00,24.8,54.7
13:01:02,24.8,54.5
13:01:04,24.8,54.3
13:01:06,24.7,54.1
13:01:08,24.8,54.0
13:01:10,24.8,54.1
13:01:12,24.8,54.1
13:01:14,24.8,53.9
13:01:16,24.8,53.9
13:01:18,24.8,53.9
13:01:20,24.8,53.8
13:01:22,24.8,53.9
13:01:24,24.8,53.8
13:01:26,24.8,53.7
13:01:28,24.8,53.7
13:01:30,24.8,53.7
13:01:32,24.8,53.7
13:01:34,24.8,53.7
13:01:36,24.8,53.9
13:01:38,24.8,53.9
13:01:40,24.8,53.7
13:01:42,24.8,53.6
13:01:44,24.8,53.6
13:01:46,24.8,53.5
13:01:48,24.8,53.5
13:01:50,24.8,53.3
13:01:52,24.8,53.2
13:01:54,24.9,53.2
13:01:56,24.9,53.1
13:01:58,24.9,53.0
13:02:00,24.9,52.9
13:02:02,24.8,52.8
13:02:04,24.8,52.8
13:02:06,24.8,52.7
